,mix_enthalpy,config_entropy
Ag-Al-Au,-0.1688889,9.47e-05
Ag-Al-Cd,-0.0133333,9.47e-05
Ag-Al-Co,-0.0222222,9.47e-05
Ag-Al-Cr,0.16,9.47e-05
Ag-Al-Cu,-0.0311111,9.47e-05
Ag-Al-Fe,0.0311111,9.47e-05
Ag-Al-Hf,-0.1822222,9.47e-05
Ag-Al-Ir,-0.3511111,9.47e-05
Ag-Al-Mg,-0.0933333,9.47e-05
Ag-Al-Mn,0.0088889,9.47e-05
Ag-Al-Mo,0.1066667,9.47e-05
Ag-Al-Nb,0.0088889,9.47e-05
Ag-Al-Ni,-0.1466667,9.47e-05
Ag-Al-Os,-0.1733333,9.47e-05
Ag-Al-Pd,-0.3511111,9.47e-05
Ag-Al-Pt,-0.3866667,9.47e-05
Ag-Al-Re,0.0533333,9.47e-05
Ag-Al-Rh,-0.3511111,9.47e-05
Ag-Al-Ta,0.0488889,9.47e-05
Ag-Al-Ti,-0.1511111,9.47e-05
Ag-Al-V,0.04,9.47e-05
Ag-Al-W,0.2222222,9.47e-05
Ag-Al-Zn,-0.0488889,9.47e-05
Ag-Al-Zr,-0.1822222,9.47e-05
Ag-Au-Cd,-0.12,9.47e-05
Ag-Au-Co,0.2133333,9.47e-05
Ag-Au-Cr,0.3911111,9.47e-05
Ag-Au-Cu,0.0355556,9.47e-05
Ag-Au-Fe,0.2088889,9.47e-05
Ag-Au-Hf,-0.2088889,9.47e-05
Ag-Au-Ir,0.0666667,9.47e-05
Ag-Au-Mg,-0.3022222,9.47e-05
Ag-Au-Mn,0.12,9.47e-05
Ag-Au-Mo,0.32,9.47e-05
Ag-Au-Nb,0.12,9.47e-05
Ag-Au-Ni,0.1288889,9.47e-05
Ag-Au-Os,0.1511111,9.47e-05
Ag-Au-Pd,-0.04,9.47e-05
Ag-Au-Pt,0.0311111,9.47e-05
Ag-Au-Re,0.3333333,9.47e-05
Ag-Au-Rh,0.0622222,9.47e-05
Ag-Au-Ta,0.1511111,9.47e-05
Ag-Au-Ti,-0.1333333,9.47e-05
Ag-Au-V,0.1777778,9.47e-05
Ag-Au-W,0.4355556,9.47e-05
Ag-Au-Zn,-0.1377778,9.47e-05
Ag-Au-Zr,-0.1955556,9.47e-05
Ag-Cd-Co,0.2133333,9.47e-05
Ag-Cd-Cr,0.4622222,9.47e-05
Ag-Cd-Cu,0.0444444,9.47e-05
Ag-Cd-Fe,0.24,9.47e-05
Ag-Cd-Hf,-0.0622222,9.47e-05
Ag-Cd-Ir,-0.0177778,9.47e-05
Ag-Cd-Mg,-0.1555556,9.47e-05
Ag-Cd-Mn,0.1955556,9.47e-05
Ag-Cd-Mo,0.3422222,9.47e-05
Ag-Cd-Nb,0.1955556,9.47e-05
Ag-Cd-Ni,0.1022222,9.47e-05
Ag-Cd-Os,0.1288889,9.47e-05
Ag-Cd-Pd,-0.1733333,9.47e-05
Ag-Cd-Pt,-0.12,9.47e-05
Ag-Cd-Re,0.3288889,9.47e-05
Ag-Cd-Rh,-0.0488889,9.47e-05
Ag-Cd-Ta,0.2533333,9.47e-05
Ag-Cd-Ti,-0.0133333,9.47e-05
Ag-Cd-V,0.2488889,9.47e-05
Ag-Cd-W,0.4755556,9.47e-05
Ag-Cd-Zn,-0.0488889,9.47e-05
Ag-Cd-Zr,-0.0711111,9.47e-05
Ag-Co-Cr,0.4044444,9.47e-05
Ag-Co-Cu,0.2266667,9.47e-05
Ag-Co-Fe,0.3155556,9.47e-05
Ag-Co-Hf,0.04,9.47e-05
Ag-Co-Ir,0.1111111,9.47e-05
Ag-Co-Mg,0.1111111,9.47e-05
Ag-Co-Mn,0.2711111,9.47e-05
Ag-Co-Mo,0.4,9.47e-05
Ag-Co-Nb,0.2755556,9.47e-05
Ag-Co-Ni,0.2222222,9.47e-05
Ag-Co-Os,0.1644444,9.47e-05
Ag-Co-Pd,0.1555556,9.47e-05
Ag-Co-Pt,0.1422222,9.47e-05
Ag-Co-Re,0.3333333,9.47e-05
Ag-Co-Rh,0.1555556,9.47e-05
Ag-Co-Ta,0.2622222,9.47e-05
Ag-Co-Ti,0.0488889,9.47e-05
Ag-Co-V,0.24,9.47e-05
Ag-Co-W,0.4622222,9.47e-05
Ag-Co-Zn,0.08,9.47e-05
Ag-Co-Zr,0.0933333,9.47e-05
Ag-Cr-Cu,0.4,9.47e-05
Ag-Cr-Fe,0.4133333,9.47e-05
Ag-Cr-Hf,0.2888889,9.47e-05
Ag-Cr-Ir,0.16,9.47e-05
Ag-Cr-Mg,0.3377778,9.47e-05
Ag-Cr-Mn,0.3377778,9.47e-05
Ag-Cr-Mo,0.4844444,9.47e-05
Ag-Cr-Nb,0.4222222,9.47e-05
Ag-Cr-Ni,0.3422222,9.47e-05
Ag-Cr-Os,0.2177778,9.47e-05
Ag-Cr-Pd,0.28,9.47e-05
Ag-Cr-Pt,0.2044444,9.47e-05
Ag-Cr-Re,0.3955556,9.47e-05
Ag-Cr-Rh,0.2311111,9.47e-05
Ag-Cr-Ta,0.4222222,9.47e-05
Ag-Cr-Ti,0.2533333,9.47e-05
Ag-Cr-V,0.3466667,9.47e-05
Ag-Cr-W,0.5422222,9.47e-05
Ag-Cr-Zn,0.2533333,9.47e-05
Ag-Cr-Zr,0.3377778,9.47e-05
Ag-Cu-Fe,0.2888889,9.47e-05
Ag-Cu-Hf,0.0177778,9.47e-05
Ag-Cu-Ir,0.0177778,9.47e-05
Ag-Cu-Mg,-0.0444444,9.47e-05
Ag-Cu-Mn,0.2311111,9.47e-05
Ag-Cu-Mo,0.3822222,9.47e-05
Ag-Cu-Nb,0.2577778,9.47e-05
Ag-Cu-Ni,0.1466667,9.47e-05
Ag-Cu-Os,0.1022222,9.47e-05
Ag-Cu-Pd,0.0044444,9.47e-05
Ag-Cu-Pt,0.0266667,9.47e-05
Ag-Cu-Re,0.3066667,9.47e-05
Ag-Cu-Rh,0.0577778,9.47e-05
Ag-Cu-Ta,0.2711111,9.47e-05
Ag-Cu-Ti,0.0488889,9.47e-05
Ag-Cu-V,0.2622222,9.47e-05
Ag-Cu-W,0.4755556,9.47e-05
Ag-Cu-Zn,-0.0311111,9.47e-05
Ag-Cu-Zr,0.04,9.47e-05
Ag-Fe-Hf,0.1333333,9.47e-05
Ag-Fe-Ir,0.0888889,9.47e-05
Ag-Fe-Mg,0.1644444,9.47e-05
Ag-Fe-Mn,0.28,9.47e-05
Ag-Fe-Mo,0.4266667,9.47e-05
Ag-Fe-Nb,0.3155556,9.47e-05
Ag-Fe-Ni,0.2266667,9.47e-05
Ag-Fe-Os,0.1466667,9.47e-05
Ag-Fe-Pd,0.1911111,9.47e-05
Ag-Fe-Pt,0.1644444,9.47e-05
Ag-Fe-Re,0.3333333,9.47e-05
Ag-Fe-Rh,0.1377778,9.47e-05
Ag-Fe-Ta,0.3111111,9.47e-05
Ag-Fe-Ti,0.1022222,9.47e-05
Ag-Fe-V,0.2533333,9.47e-05
Ag-Fe-W,0.4933333,9.47e-05
Ag-Fe-Zn,0.1155556,9.47e-05
Ag-Fe-Zr,0.1733333,9.47e-05
Ag-Hf-Ir,-0.4,9.47e-05
Ag-Hf-Mg,-0.0755556,9.47e-05
Ag-Hf-Mn,0.1066667,9.47e-05
Ag-Hf-Mo,0.1688889,9.47e-05
Ag-Hf-Nb,0.1155556,9.47e-05
Ag-Hf-Ni,-0.0577778,9.47e-05
Ag-Hf-Os,-0.1822222,9.47e-05
Ag-Hf-Pd,-0.2888889,9.47e-05
Ag-Hf-Pt,-0.4,9.47e-05
Ag-Hf-Re,0.0355556,9.47e-05
Ag-Hf-Rh,-0.3333333,9.47e-05
Ag-Hf-Ta,0.1466667,9.47e-05
Ag-Hf-Ti,-0.0088889,9.47e-05
Ag-Hf-V,0.1733333,9.47e-05
Ag-Hf-W,0.2666667,9.47e-05
Ag-Hf-Zn,-0.12,9.47e-05
Ag-Hf-Zr,-0.0355556,9.47e-05
Ag-Ir-Mg,-0.2222222,9.47e-05
Ag-Ir-Mn,0.0311111,9.47e-05
Ag-Ir-Mo,0.0888889,9.47e-05
Ag-Ir-Nb,-0.0977778,9.47e-05
Ag-Ir-Ni,0.0355556,9.47e-05
Ag-Ir-Os,-0.0622222,9.47e-05
Ag-Ir-Pd,-0.0088889,9.47e-05
Ag-Ir-Pt,0.0133333,9.47e-05
Ag-Ir-Re,0.0355556,9.47e-05
Ag-Ir-Rh,-0.04,9.47e-05
Ag-Ir-Ta,-0.1155556,9.47e-05
Ag-Ir-Ti,-0.3422222,9.47e-05
Ag-Ir-V,-0.0755556,9.47e-05
Ag-Ir-W,0.1555556,9.47e-05
Ag-Ir-Zn,-0.1511111,9.47e-05
Ag-Ir-Zr,-0.3333333,9.47e-05
Ag-Mg-Mn,0.1466667,9.47e-05
Ag-Mg-Mo,0.2488889,9.47e-05
Ag-Mg-Nb,0.16,9.47e-05
Ag-Mg-Ni,-0.0133333,9.47e-05
Ag-Mg-Os,-0.0622222,9.47e-05
Ag-Mg-Pd,-0.3288889,9.47e-05
Ag-Mg-Pt,-0.3555556,9.47e-05
Ag-Mg-Re,0.1555556,9.47e-05
Ag-Mg-Rh,-0.2222222,9.47e-05
Ag-Mg-Ta,0.2088889,9.47e-05
Ag-Mg-Ti,-0.0177778,9.47e-05
Ag-Mg-V,0.2133333,9.47e-05
Ag-Mg-W,0.3644444,9.47e-05
Ag-Mg-Zn,-0.1466667,9.47e-05
Ag-Mg-Zr,-0.0711111,9.47e-05
Ag-Mn-Mo,0.3644444,9.47e-05
Ag-Mn-Nb,0.2711111,9.47e-05
Ag-Mn-Ni,0.2088889,9.47e-05
Ag-Mn-Os,0.0888889,9.47e-05
Ag-Mn-Pd,0.0622222,9.47e-05
Ag-Mn-Pt,0.0266667,9.47e-05
Ag-Mn-Re,0.2666667,9.47e-05
Ag-Mn-Rh,0.0933333,9.47e-05
Ag-Mn-Ta,0.2622222,9.47e-05
Ag-Mn-Ti,0.0622222,9.47e-05
Ag-Mn-V,0.1822222,9.47e-05
Ag-Mn-W,0.4266667,9.47e-05
Ag-Mn-Zn,0.0888889,9.47e-05
Ag-Mn-Zr,0.1555556,9.47e-05
Ag-Mo-Nb,0.3244444,9.47e-05
Ag-Mo-Ni,0.3288889,9.47e-05
Ag-Mo-Os,0.2311111,9.47e-05
Ag-Mo-Pd,0.2311111,9.47e-05
Ag-Mo-Pt,0.1511111,9.47e-05
Ag-Mo-Re,0.3911111,9.47e-05
Ag-Mo-Rh,0.1688889,9.47e-05
Ag-Mo-Ta,0.3155556,9.47e-05
Ag-Mo-Ti,0.1733333,9.47e-05
Ag-Mo-V,0.3244444,9.47e-05
Ag-Mo-W,0.4933333,9.47e-05
Ag-Mo-Zn,0.2222222,9.47e-05
Ag-Mo-Zr,0.2222222,9.47e-05
Ag-Nb-Ni,0.1866667,9.47e-05
Ag-Nb-Os,0.0533333,9.47e-05
Ag-Nb-Pd,0.0355556,9.47e-05
Ag-Nb-Pt,-0.0666667,9.47e-05
Ag-Nb-Re,0.2177778,9.47e-05
Ag-Nb-Rh,-0.0222222,9.47e-05
Ag-Nb-Ta,0.2933333,9.47e-05
Ag-Nb-Ti,0.1511111,9.47e-05
Ag-Nb-V,0.32,9.47e-05
Ag-Nb-W,0.3955556,9.47e-05
Ag-Nb-Zn,0.0977778,9.47e-05
Ag-Nb-Zr,0.1466667,9.47e-05
Ag-Ni-Os,0.0755556,9.47e-05
Ag-Ni-Pd,0.1022222,9.47e-05
Ag-Ni-Pt,0.0933333,9.47e-05
Ag-Ni-Re,0.2444444,9.47e-05
Ag-Ni-Rh,0.1066667,9.47e-05
Ag-Ni-Ta,0.1822222,9.47e-05
Ag-Ni-Ti,-0.0444444,9.47e-05
Ag-Ni-V,0.1733333,9.47e-05
Ag-Ni-W,0.4,9.47e-05
Ag-Ni-Zn,-0.0311111,9.47e-05
Ag-Ni-Zr,-0.0222222,9.47e-05
Ag-Os-Pd,0.04,9.47e-05
Ag-Os-Pt,0.0311111,9.47e-05
Ag-Os-Re,0.1422222,9.47e-05
Ag-Os-Rh,0.0666667,9.47e-05
Ag-Os-Ta,0.0311111,9.47e-05
Ag-Os-Ti,-0.2,9.47e-05
Ag-Os-V,-0.0044444,9.47e-05
Ag-Os-W,0.2977778,9.47e-05
Ag-Os-Zn,-0.0355556,9.47e-05
Ag-Os-Zr,-0.12,9.47e-05
Ag-Pd-Pt,0.0044444,9.47e-05
Ag-Pd-Re,0.2044444,9.47e-05
Ag-Pd-Rh,0.0355556,9.47e-05
Ag-Pd-Ta,0.0355556,9.47e-05
Ag-Pd-Ti,-0.2177778,9.47e-05
Ag-Pd-V,0.08,9.47e-05
Ag-Pd-W,0.3155556,9.47e-05
Ag-Pd-Zn,-0.2355556,9.47e-05
Ag-Pd-Zr,-0.2533333,9.47e-05
Ag-Pt-Re,0.1644444,9.47e-05
Ag-Pt-Rh,0.0266667,9.47e-05
Ag-Pt-Ta,-0.0666667,9.47e-05
Ag-Pt-Ti,-0.3288889,9.47e-05
Ag-Pt-V,-0.0177778,9.47e-05
Ag-Pt-W,0.24,9.47e-05
Ag-Pt-Zn,-0.2133333,9.47e-05
Ag-Pt-Zr,-0.36,9.47e-05
Ag-Re-Rh,0.1555556,9.47e-05
Ag-Re-Ta,0.2044444,9.47e-05
Ag-Re-Ti,0.0,9.47e-05
Ag-Re-V,0.1733333,9.47e-05
Ag-Re-W,0.4533333,9.47e-05
Ag-Re-Zn,0.1644444,9.47e-05
Ag-Re-Zr,0.0888889,9.47e-05
Ag-Rh-Ta,-0.04,9.47e-05
Ag-Rh-Ti,-0.2622222,9.47e-05
Ag-Rh-V,0.0088889,9.47e-05
Ag-Rh-W,0.24,9.47e-05
Ag-Rh-Zn,-0.1644444,9.47e-05
Ag-Rh-Zr,-0.2711111,9.47e-05
Ag-Ta-Ti,0.1777778,9.47e-05
Ag-Ta-V,0.3244444,9.47e-05
Ag-Ta-W,0.3911111,9.47e-05
Ag-Ta-Zn,0.1377778,9.47e-05
Ag-Ta-Zr,0.1777778,9.47e-05
Ag-Ti-V,0.1733333,9.47e-05
Ag-Ti-W,0.2622222,9.47e-05
Ag-Ti-Zn,-0.0888889,9.47e-05
Ag-Ti-Zr,0.0177778,9.47e-05
Ag-V-W,0.3955556,9.47e-05
Ag-V-Zn,0.1244444,9.47e-05
Ag-V-Zr,0.2133333,9.47e-05
Ag-W-Zn,0.3377778,9.47e-05
Ag-W-Zr,0.3155556,9.47e-05
Ag-Zn-Zr,-0.12,9.47e-05
Al-Au-Cd,-0.1866667,9.47e-05
Al-Au-Co,-0.2,9.47e-05
Al-Au-Cr,-0.0088889,9.47e-05
Al-Au-Cu,-0.2088889,9.47e-05
Al-Au-Fe,-0.1777778,9.47e-05
Al-Au-Hf,-0.4888889,9.47e-05
Al-Au-Ir,-0.4888889,9.47e-05
Al-Au-Mg,-0.3511111,9.47e-05
Al-Au-Mn,-0.2266667,9.47e-05
Al-Au-Mo,-0.1155556,9.47e-05
Al-Au-Nb,-0.2622222,9.47e-05
Al-Au-Ni,-0.32,9.47e-05
Al-Au-Os,-0.36,9.47e-05
Al-Au-Pd,-0.4888889,9.47e-05
Al-Au-Pt,-0.5066667,9.47e-05
Al-Au-Re,-0.1288889,9.47e-05
Al-Au-Rh,-0.4933333,9.47e-05
Al-Au-Ta,-0.2266667,9.47e-05
Al-Au-Ti,-0.4444444,9.47e-05
Al-Au-V,-0.2,9.47e-05
Al-Au-W,0.0,9.47e-05
Al-Au-Zn,-0.24,9.47e-05
Al-Au-Zr,-0.4844444,9.47e-05
Al-Cd-Co,-0.0088889,9.47e-05
Al-Cd-Cr,0.2533333,9.47e-05
Al-Cd-Cu,-0.0088889,9.47e-05
Al-Cd-Fe,0.0444444,9.47e-05
Al-Cd-Hf,-0.1511111,9.47e-05
Al-Cd-Ir,-0.3822222,9.47e-05
Al-Cd-Mg,-0.0133333,9.47e-05
Al-Cd-Mn,0.04,9.47e-05
Al-Cd-Mo,0.0977778,9.47e-05
Al-Cd-Nb,0.0044444,9.47e-05
Al-Cd-Ni,-0.1555556,9.47e-05
Al-Cd-Os,-0.1911111,9.47e-05
Al-Cd-Pd,-0.4311111,9.47e-05
Al-Cd-Pt,-0.4666667,9.47e-05
Al-Cd-Re,0.0577778,9.47e-05
Al-Cd-Rh,-0.4133333,9.47e-05
Al-Cd-Ta,0.0666667,9.47e-05
Al-Cd-Ti,-0.1333333,9.47e-05
Al-Cd-V,0.0622222,9.47e-05
Al-Cd-W,0.2311111,9.47e-05
Al-Cd-Zn,0.04,9.47e-05
Al-Cd-Zr,-0.1688889,9.47e-05
Al-Co-Cr,-0.1511111,9.47e-05
Al-Co-Cu,-0.1733333,9.47e-05
Al-Co-Fe,-0.2266667,9.47e-05
Al-Co-Hf,-0.3955556,9.47e-05
Al-Co-Ir,-0.6,9.47e-05
Al-Co-Mg,-0.0933333,9.47e-05
Al-Co-Mn,-0.2311111,9.47e-05
Al-Co-Mo,-0.1911111,9.47e-05
Al-Co-Nb,-0.2622222,9.47e-05
Al-Co-Ni,-0.3822222,9.47e-05
Al-Co-Os,-0.5022222,9.47e-05
Al-Co-Pd,-0.4488889,9.47e-05
Al-Co-Pt,-0.5511111,9.47e-05
Al-Co-Re,-0.2844444,9.47e-05
Al-Co-Rh,-0.5555556,9.47e-05
Al-Co-Ta,-0.2711111,9.47e-05
Al-Co-Ti,-0.4177778,9.47e-05
Al-Co-V,-0.2933333,9.47e-05
Al-Co-W,-0.1288889,9.47e-05
Al-Co-Zn,-0.1777778,9.47e-05
Al-Co-Zr,-0.3511111,9.47e-05
Al-Cr-Cu,0.0133333,9.47e-05
Al-Cr-Fe,-0.1155556,9.47e-05
Al-Cr-Hf,-0.1333333,9.47e-05
Al-Cr-Ir,-0.5377778,9.47e-05
Al-Cr-Mg,0.1466667,9.47e-05
Al-Cr-Mn,-0.1511111,9.47e-05
Al-Cr-Mo,-0.0933333,9.47e-05
Al-Cr-Nb,-0.1022222,9.47e-05
Al-Cr-Ni,-0.2488889,9.47e-05
Al-Cr-Os,-0.4355556,9.47e-05
Al-Cr-Pd,-0.3111111,9.47e-05
Al-Cr-Pt,-0.4755556,9.47e-05
Al-Cr-Re,-0.2088889,9.47e-05
Al-Cr-Rh,-0.4666667,9.47e-05
Al-Cr-Ta,-0.0977778,9.47e-05
Al-Cr-Ti,-0.2,9.47e-05
Al-Cr-V,-0.1733333,9.47e-05
Al-Cr-W,-0.0355556,9.47e-05
Al-Cr-Zn,0.0088889,9.47e-05
Al-Cr-Zr,-0.0933333,9.47e-05
Al-Cu-Fe,-0.0844444,9.47e-05
Al-Cu-Hf,-0.2488889,9.47e-05
Al-Cu-Ir,-0.5244444,9.47e-05
Al-Cu-Mg,-0.08,9.47e-05
Al-Cu-Mn,-0.1022222,9.47e-05
Al-Cu-Mo,-0.04,9.47e-05
Al-Cu-Nb,-0.1111111,9.47e-05
Al-Cu-Ni,-0.2888889,9.47e-05
Al-Cu-Os,-0.3955556,9.47e-05
Al-Cu-Pd,-0.4311111,9.47e-05
Al-Cu-Pt,-0.4977778,9.47e-05
Al-Cu-Re,-0.1422222,9.47e-05
Al-Cu-Rh,-0.4844444,9.47e-05
Al-Cu-Ta,-0.0933333,9.47e-05
Al-Cu-Ti,-0.2488889,9.47e-05
Al-Cu-V,-0.1022222,9.47e-05
Al-Cu-W,0.0533333,9.47e-05
Al-Cu-Zn,-0.12,9.47e-05
Al-Cu-Zr,-0.2355556,9.47e-05
Al-Fe-Hf,-0.2755556,9.47e-05
Al-Fe-Ir,-0.5955556,9.47e-05
Al-Fe-Mg,-0.0133333,9.47e-05
Al-Fe-Mn,-0.1955556,9.47e-05
Al-Fe-Mo,-0.1377778,9.47e-05
Al-Fe-Nb,-0.1955556,9.47e-05
Al-Fe-Ni,-0.3511111,9.47e-05
Al-Fe-Os,-0.4933333,9.47e-05
Al-Fe-Pd,-0.3866667,9.47e-05
Al-Fe-Pt,-0.5022222,9.47e-05
Al-Fe-Re,-0.2577778,9.47e-05
Al-Fe-Rh,-0.5466667,9.47e-05
Al-Fe-Ta,-0.1955556,9.47e-05
Al-Fe-Ti,-0.3377778,9.47e-05
Al-Fe-V,-0.2533333,9.47e-05
Al-Fe-W,-0.0711111,9.47e-05
Al-Fe-Zn,-0.1155556,9.47e-05
Al-Fe-Zr,-0.2444444,9.47e-05
Al-Hf-Ir,-0.9777778,9.47e-05
Al-Hf-Mg,-0.1466667,9.47e-05
Al-Hf-Mn,-0.2622222,9.47e-05
Al-Hf-Mo,-0.2888889,9.47e-05
Al-Hf-Nb,-0.2888889,9.47e-05
Al-Hf-Ni,-0.5288889,9.47e-05
Al-Hf-Os,-0.7155556,9.47e-05
Al-Hf-Pd,-0.76,9.47e-05
Al-Hf-Pt,-0.96,9.47e-05
Al-Hf-Re,-0.4488889,9.47e-05
Al-Hf-Rh,-0.9111111,9.47e-05
Al-Hf-Ta,-0.2533333,9.47e-05
Al-Hf-Ti,-0.3422222,9.47e-05
Al-Hf-V,-0.2266667,9.47e-05
Al-Hf-W,-0.1911111,9.47e-05
Al-Hf-Zn,-0.2444444,9.47e-05
Al-Hf-Zr,-0.3466667,9.47e-05
Al-Ir-Mg,-0.5688889,9.47e-05
Al-Ir-Mn,-0.6133333,9.47e-05
Al-Ir-Mo,-0.6444444,9.47e-05
Al-Ir-Nb,-0.7777778,9.47e-05
Al-Ir-Ni,-0.7111111,9.47e-05
Al-Ir-Os,-0.8711111,9.47e-05
Al-Ir-Pd,-0.7555556,9.47e-05
Al-Ir-Pt,-0.8222222,9.47e-05
Al-Ir-Re,-0.7244444,9.47e-05
Al-Ir-Rh,-0.8933333,9.47e-05
Al-Ir-Ta,-0.7911111,9.47e-05
Al-Ir-Ti,-0.9511111,9.47e-05
Al-Ir-V,-0.7511111,9.47e-05
Al-Ir-W,-0.5777778,9.47e-05
Al-Ir-Zn,-0.5511111,9.47e-05
Al-Ir-Zr,-0.92,9.47e-05
Al-Mg-Mn,0.0088889,9.47e-05
Al-Mg-Mo,0.0222222,9.47e-05
Al-Mg-Nb,-0.0133333,9.47e-05
Al-Mg-Ni,-0.2533333,9.47e-05
Al-Mg-Os,-0.3644444,9.47e-05
Al-Mg-Pd,-0.5688889,9.47e-05
Al-Mg-Pt,-0.6844444,9.47e-05
Al-Mg-Re,-0.0977778,9.47e-05
Al-Mg-Rh,-0.5688889,9.47e-05
Al-Mg-Ta,0.04,9.47e-05
Al-Mg-Ti,-0.12,9.47e-05
Al-Mg-V,0.0444444,9.47e-05
Al-Mg-W,0.1377778,9.47e-05
Al-Mg-Zn,-0.04,9.47e-05
Al-Mg-Zr,-0.1511111,9.47e-05
Al-Mn-Mo,-0.16,9.47e-05
Al-Mn-Nb,-0.2,9.47e-05
Al-Mn-Ni,-0.3288889,9.47e-05
Al-Mn-Os,-0.5111111,9.47e-05
Al-Mn-Pd,-0.4755556,9.47e-05
Al-Mn-Pt,-0.6,9.47e-05
Al-Mn-Re,-0.2844444,9.47e-05
Al-Mn-Rh,-0.5511111,9.47e-05
Al-Mn-Ta,-0.2044444,9.47e-05
Al-Mn-Ti,-0.3377778,9.47e-05
Al-Mn-V,-0.2844444,9.47e-05
Al-Mn-W,-0.0977778,9.47e-05
Al-Mn-Zn,-0.1022222,9.47e-05
Al-Mn-Zr,-0.2222222,9.47e-05
Al-Mo-Nb,-0.2355556,9.47e-05
Al-Mo-Ni,-0.2977778,9.47e-05
Al-Mo-Os,-0.4577778,9.47e-05
Al-Mo-Pd,-0.3955556,9.47e-05
Al-Mo-Pt,-0.5644444,9.47e-05
Al-Mo-Re,-0.2488889,9.47e-05
Al-Mo-Rh,-0.5644444,9.47e-05
Al-Mo-Ta,-0.24,9.47e-05
Al-Mo-Ti,-0.3155556,9.47e-05
Al-Mo-V,-0.2311111,9.47e-05
Al-Mo-W,-0.12,9.47e-05
Al-Mo-Zn,-0.0577778,9.47e-05
Al-Mo-Zr,-0.2444444,9.47e-05
Al-Nb-Ni,-0.3866667,9.47e-05
Al-Nb-Os,-0.5822222,9.47e-05
Al-Nb-Pd,-0.5377778,9.47e-05
Al-Nb-Pt,-0.7288889,9.47e-05
Al-Nb-Re,-0.3688889,9.47e-05
Al-Nb-Rh,-0.7022222,9.47e-05
Al-Nb-Ta,-0.2088889,9.47e-05
Al-Nb-Ti,-0.2844444,9.47e-05
Al-Nb-V,-0.1822222,9.47e-05
Al-Nb-W,-0.1644444,9.47e-05
Al-Nb-Zn,-0.1288889,9.47e-05
Al-Nb-Zr,-0.2666667,9.47e-05
Al-Ni-Os,-0.6266667,9.47e-05
Al-Ni-Pd,-0.5377778,9.47e-05
Al-Ni-Pt,-0.6355556,9.47e-05
Al-Ni-Re,-0.4088889,9.47e-05
Al-Ni-Rh,-0.64,9.47e-05
Al-Ni-Ta,-0.3866667,9.47e-05
Al-Ni-Ti,-0.5466667,9.47e-05
Al-Ni-V,-0.3955556,9.47e-05
Al-Ni-W,-0.2266667,9.47e-05
Al-Ni-Zn,-0.3244444,9.47e-05
Al-Ni-Zr,-0.5022222,9.47e-05
Al-Os-Pd,-0.6622222,9.47e-05
Al-Os-Pt,-0.76,9.47e-05
Al-Os-Re,-0.5733333,9.47e-05
Al-Os-Rh,-0.7422222,9.47e-05
Al-Os-Ta,-0.6,9.47e-05
Al-Os-Ti,-0.7644444,9.47e-05
Al-Os-V,-0.6355556,9.47e-05
Al-Os-W,-0.3911111,9.47e-05
Al-Os-Zn,-0.3911111,9.47e-05
Al-Os-Zr,-0.6622222,9.47e-05
Al-Pd-Pt,-0.7244444,9.47e-05
Al-Pd-Re,-0.4488889,9.47e-05
Al-Pd-Rh,-0.7111111,9.47e-05
Al-Pd-Ta,-0.5333333,9.47e-05
Al-Pd-Ti,-0.72,9.47e-05
Al-Pd-V,-0.4888889,9.47e-05
Al-Pd-W,-0.3111111,9.47e-05
Al-Pd-Zn,-0.5288889,9.47e-05
Al-Pd-Zr,-0.7333333,9.47e-05
Al-Pt-Re,-0.5777778,9.47e-05
Al-Pt-Rh,-0.8088889,9.47e-05
Al-Pt-Ta,-0.7244444,9.47e-05
Al-Pt-Ti,-0.92,9.47e-05
Al-Pt-V,-0.6755556,9.47e-05
Al-Pt-W,-0.4755556,9.47e-05
Al-Pt-Zn,-0.5955556,9.47e-05
Al-Pt-Zr,-0.9288889,9.47e-05
Al-Re-Rh,-0.6044444,9.47e-05
Al-Re-Ta,-0.3777778,9.47e-05
Al-Re-Ti,-0.5155556,9.47e-05
Al-Re-V,-0.4088889,9.47e-05
Al-Re-W,-0.1866667,9.47e-05
Al-Re-Zn,-0.1422222,9.47e-05
Al-Re-Zr,-0.4044444,9.47e-05
Al-Rh-Ta,-0.7155556,9.47e-05
Al-Rh-Ti,-0.8711111,9.47e-05
Al-Rh-V,-0.6666667,9.47e-05
Al-Rh-W,-0.4933333,9.47e-05
Al-Rh-Zn,-0.5644444,9.47e-05
Al-Rh-Zr,-0.8577778,9.47e-05
Al-Ta-Ti,-0.2533333,9.47e-05
Al-Ta-V,-0.1733333,9.47e-05
Al-Ta-W,-0.1644444,9.47e-05
Al-Ta-Zn,-0.0844444,9.47e-05
Al-Ta-Zr,-0.2311111,9.47e-05
Al-Ti-V,-0.2577778,9.47e-05
Al-Ti-W,-0.2266667,9.47e-05
Al-Ti-Zn,-0.2444444,9.47e-05
Al-Ti-Zr,-0.3244444,9.47e-05
Al-V-W,-0.16,9.47e-05
Al-V-Zn,-0.0977778,9.47e-05
Al-V-Zr,-0.1955556,9.47e-05
Al-W-Zn,0.0577778,9.47e-05
Al-W-Zr,-0.1511111,9.47e-05
Al-Zn-Zr,-0.2533333,9.47e-05
Au-Cd-Co,0.12,9.47e-05
Au-Cd-Cr,0.3777778,9.47e-05
Au-Cd-Cu,-0.0488889,9.47e-05
Au-Cd-Fe,0.1155556,9.47e-05
Au-Cd-Hf,-0.2844444,9.47e-05
Au-Cd-Ir,-0.0711111,9.47e-05
Au-Cd-Mg,-0.3288889,9.47e-05
Au-Cd-Mn,0.0444444,9.47e-05
Au-Cd-Mo,0.2044444,9.47e-05
Au-Cd-Nb,0.0088889,9.47e-05
Au-Cd-Ni,0.0133333,9.47e-05
Au-Cd-Os,0.0266667,9.47e-05
Au-Cd-Pd,-0.2266667,9.47e-05
Au-Cd-Pt,-0.1555556,9.47e-05
Au-Cd-Re,0.2311111,9.47e-05
Au-Cd-Rh,-0.1066667,9.47e-05
Au-Cd-Ta,0.0622222,9.47e-05
Au-Cd-Ti,-0.2222222,9.47e-05
Au-Cd-V,0.0933333,9.47e-05
Au-Cd-W,0.3377778,9.47e-05
Au-Cd-Zn,-0.1555556,9.47e-05
Au-Cd-Zr,-0.2888889,9.47e-05
Au-Co-Cr,0.3155556,9.47e-05
Au-Co-Cu,0.1288889,9.47e-05
Au-Co-Fe,0.1866667,9.47e-05
Au-Co-Hf,-0.1866667,9.47e-05
Au-Co-Ir,0.0533333,9.47e-05
Au-Co-Mg,-0.0666667,9.47e-05
Au-Co-Mn,0.1155556,9.47e-05
Au-Co-Mo,0.2577778,9.47e-05
Au-Co-Nb,0.0844444,9.47e-05
Au-Co-Ni,0.1288889,9.47e-05
Au-Co-Os,0.0577778,9.47e-05
Au-Co-Pd,0.0977778,9.47e-05
Au-Co-Pt,0.1022222,9.47e-05
Au-Co-Re,0.2311111,9.47e-05
Au-Co-Rh,0.0933333,9.47e-05
Au-Co-Ta,0.0666667,9.47e-05
Au-Co-Ti,-0.1644444,9.47e-05
Au-Co-V,0.08,9.47e-05
Au-Co-W,0.32,9.47e-05
Au-Co-Zn,-0.0311111,9.47e-05
Au-Co-Zr,-0.1288889,9.47e-05
Au-Cr-Cu,0.3111111,9.47e-05
Au-Cr-Fe,0.2933333,9.47e-05
Au-Cr-Hf,0.0711111,9.47e-05
Au-Cr-Ir,0.1111111,9.47e-05
Au-Cr-Mg,0.1688889,9.47e-05
Au-Cr-Mn,0.1911111,9.47e-05
Au-Cr-Mo,0.3511111,9.47e-05
Au-Cr-Nb,0.24,9.47e-05
Au-Cr-Ni,0.2577778,9.47e-05
Au-Cr-Os,0.12,9.47e-05
Au-Cr-Pd,0.2311111,9.47e-05
Au-Cr-Pt,0.1733333,9.47e-05
Au-Cr-Re,0.3022222,9.47e-05
Au-Cr-Rh,0.1777778,9.47e-05
Au-Cr-Ta,0.2355556,9.47e-05
Au-Cr-Ti,0.0488889,9.47e-05
Au-Cr-V,0.1955556,9.47e-05
Au-Cr-W,0.4088889,9.47e-05
Au-Cr-Zn,0.1511111,9.47e-05
Au-Cr-Zr,0.1244444,9.47e-05
Au-Cu-Fe,0.16,9.47e-05
Au-Cu-Hf,-0.2088889,9.47e-05
Au-Cu-Ir,-0.04,9.47e-05
Au-Cu-Mg,-0.2222222,9.47e-05
Au-Cu-Mn,0.0755556,9.47e-05
Au-Cu-Mo,0.24,9.47e-05
Au-Cu-Nb,0.0666667,9.47e-05
Au-Cu-Ni,0.0533333,9.47e-05
Au-Cu-Os,-0.0044444,9.47e-05
Au-Cu-Pd,-0.0533333,9.47e-05
Au-Cu-Pt,-0.0133333,9.47e-05
Au-Cu-Re,0.2044444,9.47e-05
Au-Cu-Rh,-0.0044444,9.47e-05
Au-Cu-Ta,0.0755556,9.47e-05
Au-Cu-Ti,-0.1644444,9.47e-05
Au-Cu-V,0.1022222,9.47e-05
Au-Cu-W,0.3333333,9.47e-05
Au-Cu-Zn,-0.1422222,9.47e-05
Au-Cu-Zr,-0.1822222,9.47e-05
Au-Fe-Hf,-0.1244444,9.47e-05
Au-Fe-Ir,0.0,9.47e-05
Au-Fe-Mg,-0.0444444,9.47e-05
Au-Fe-Mn,0.0933333,9.47e-05
Au-Fe-Mo,0.2533333,9.47e-05
Au-Fe-Nb,0.0933333,9.47e-05
Au-Fe-Ni,0.1022222,9.47e-05
Au-Fe-Os,0.0088889,9.47e-05
Au-Fe-Pd,0.1022222,9.47e-05
Au-Fe-Pt,0.0933333,9.47e-05
Au-Fe-Re,0.2,9.47e-05
Au-Fe-Rh,0.0444444,9.47e-05
Au-Fe-Ta,0.0844444,9.47e-05
Au-Fe-Ti,-0.1422222,9.47e-05
Au-Fe-V,0.0622222,9.47e-05
Au-Fe-W,0.32,9.47e-05
Au-Fe-Zn,-0.0266667,9.47e-05
Au-Fe-Zr,-0.08,9.47e-05
Au-Hf-Ir,-0.5866667,9.47e-05
Au-Hf-Mg,-0.3822222,9.47e-05
Au-Hf-Mn,-0.1777778,9.47e-05
Au-Hf-Mo,-0.1022222,9.47e-05
Au-Hf-Nb,-0.2044444,9.47e-05
Au-Hf-Ni,-0.28,9.47e-05
Au-Hf-Os,-0.4177778,9.47e-05
Au-Hf-Pd,-0.4755556,9.47e-05
Au-Hf-Pt,-0.5688889,9.47e-05
Au-Hf-Re,-0.1955556,9.47e-05
Au-Hf-Rh,-0.5244444,9.47e-05
Au-Hf-Ta,-0.1777778,9.47e-05
Au-Hf-Ti,-0.3511111,9.47e-05
Au-Hf-V,-0.1155556,9.47e-05
Au-Hf-W,-0.0044444,9.47e-05
Au-Hf-Zn,-0.36,9.47e-05
Au-Hf-Zr,-0.3866667,9.47e-05
Au-Ir-Mg,-0.36,9.47e-05
Au-Ir-Mn,-0.0844444,9.47e-05
Au-Ir-Mo,-0.0133333,9.47e-05
Au-Ir-Nb,-0.2488889,9.47e-05
Au-Ir-Ni,-0.0177778,9.47e-05
Au-Ir-Os,-0.1288889,9.47e-05
Au-Ir-Pd,-0.0266667,9.47e-05
Au-Ir-Pt,0.0133333,9.47e-05
Au-Ir-Re,-0.0266667,9.47e-05
Au-Ir-Rh,-0.0622222,9.47e-05
Au-Ir-Ta,-0.2711111,9.47e-05
Au-Ir-Ti,-0.5155556,9.47e-05
Au-Ir-V,-0.1955556,9.47e-05
Au-Ir-W,0.0533333,9.47e-05
Au-Ir-Zn,-0.2222222,9.47e-05
Au-Ir-Zr,-0.5155556,9.47e-05
Au-Mg-Mn,-0.0888889,9.47e-05
Au-Mg-Mo,0.0266667,9.47e-05
Au-Mg-Nb,-0.1111111,9.47e-05
Au-Mg-Ni,-0.1866667,9.47e-05
Au-Mg-Os,-0.2488889,9.47e-05
Au-Mg-Pd,-0.4666667,9.47e-05
Au-Mg-Pt,-0.4755556,9.47e-05
Au-Mg-Re,-0.0266667,9.47e-05
Au-Mg-Rh,-0.3644444,9.47e-05
Au-Mg-Ta,-0.0666667,9.47e-05
Au-Mg-Ti,-0.3111111,9.47e-05
Au-Mg-V,-0.0266667,9.47e-05
Au-Mg-W,0.1422222,9.47e-05
Au-Mg-Zn,-0.3377778,9.47e-05
Au-Mg-Zr,-0.3733333,9.47e-05
Au-Mn-Mo,0.1644444,9.47e-05
Au-Mn-Nb,0.0222222,9.47e-05
Au-Mn-Ni,0.0577778,9.47e-05
Au-Mn-Os,-0.0755556,9.47e-05
Au-Mn-Pd,-0.0533333,9.47e-05
Au-Mn-Pt,-0.0711111,9.47e-05
Au-Mn-Re,0.1066667,9.47e-05
Au-Mn-Rh,-0.0266667,9.47e-05
Au-Mn-Ta,0.0088889,9.47e-05
Au-Mn-Ti,-0.2088889,9.47e-05
Au-Mn-V,-0.0355556,9.47e-05
Au-Mn-W,0.2266667,9.47e-05
Au-Mn-Zn,-0.08,9.47e-05
Au-Mn-Zr,-0.1244444,9.47e-05
Au-Mo-Nb,0.0888889,9.47e-05
Au-Mo-Ni,0.1911111,9.47e-05
Au-Mo-Os,0.08,9.47e-05
Au-Mo-Pd,0.1288889,9.47e-05
Au-Mo-Pt,0.0666667,9.47e-05
Au-Mo-Re,0.2444444,9.47e-05
Au-Mo-Rh,0.0622222,9.47e-05
Au-Mo-Ta,0.0755556,9.47e-05
Au-Mo-Ti,-0.0844444,9.47e-05
Au-Mo-V,0.12,9.47e-05
Au-Mo-W,0.3066667,9.47e-05
Au-Mo-Zn,0.0666667,9.47e-05
Au-Mo-Zr,-0.0444444,9.47e-05
Au-Nb-Ni,0.0,9.47e-05
Au-Nb-Os,-0.1466667,9.47e-05
Au-Nb-Pd,-0.1155556,9.47e-05
Au-Nb-Pt,-0.2,9.47e-05
Au-Nb-Re,0.0222222,9.47e-05
Au-Nb-Rh,-0.1777778,9.47e-05
Au-Nb-Ta,0.0044444,9.47e-05
Au-Nb-Ti,-0.1555556,9.47e-05
Au-Nb-V,0.0666667,9.47e-05
Au-Nb-W,0.16,9.47e-05
Au-Nb-Zn,-0.1066667,9.47e-05
Au-Nb-Zr,-0.1688889,9.47e-05
Au-Ni-Os,-0.0266667,9.47e-05
Au-Ni-Pd,0.0488889,9.47e-05
Au-Ni-Pt,0.0577778,9.47e-05
Au-Ni-Re,0.1466667,9.47e-05
Au-Ni-Rh,0.0488889,9.47e-05
Au-Ni-Ta,-0.0088889,9.47e-05
Au-Ni-Ti,-0.2533333,9.47e-05
Au-Ni-V,0.0177778,9.47e-05
Au-Ni-W,0.2622222,9.47e-05
Au-Ni-Zn,-0.1377778,9.47e-05
Au-Ni-Zr,-0.24,9.47e-05
Au-Os-Pd,-0.0266667,9.47e-05
Au-Os-Pt,-0.0177778,9.47e-05
Au-Os-Re,0.0311111,9.47e-05
Au-Os-Rh,-0.0044444,9.47e-05
Au-Os-Ta,-0.1733333,9.47e-05
Au-Os-Ti,-0.4222222,9.47e-05
Au-Os-V,-0.1733333,9.47e-05
Au-Os-W,0.1466667,9.47e-05
Au-Os-Zn,-0.1555556,9.47e-05
Au-Os-Zr,-0.3511111,9.47e-05
Au-Pd-Pt,0.0044444,9.47e-05
Au-Pd-Re,0.1422222,9.47e-05
Au-Pd-Rh,0.0133333,9.47e-05
Au-Pd-Ta,-0.12,9.47e-05
Au-Pd-Ti,-0.3911111,9.47e-05
Au-Pd-V,-0.04,9.47e-05
Au-Pd-W,0.2133333,9.47e-05
Au-Pd-Zn,-0.3066667,9.47e-05
Au-Pd-Zr,-0.4355556,9.47e-05
Au-Pt-Re,0.12,9.47e-05
Au-Pt-Rh,0.0222222,9.47e-05
Au-Pt-Ta,-0.2044444,9.47e-05
Au-Pt-Ti,-0.4844444,9.47e-05
Au-Pt-V,-0.12,9.47e-05
Au-Pt-W,0.1555556,9.47e-05
Au-Pt-Zn,-0.2666667,9.47e-05
Au-Pt-Zr,-0.5244444,9.47e-05
Au-Re-Rh,0.0888889,9.47e-05
Au-Re-Ta,0.0044444,9.47e-05
Au-Re-Ti,-0.2177778,9.47e-05
Au-Re-V,0.0088889,9.47e-05
Au-Re-W,0.3066667,9.47e-05
Au-Re-Zn,0.0488889,9.47e-05
Au-Re-Zr,-0.1377778,9.47e-05
Au-Rh-Ta,-0.2,9.47e-05
Au-Rh-Ti,-0.44,9.47e-05
Au-Rh-V,-0.1155556,9.47e-05
Au-Rh-W,0.1333333,9.47e-05
Au-Rh-Zn,-0.24,9.47e-05
Au-Rh-Zr,-0.4577778,9.47e-05
Au-Ta-Ti,-0.1333333,9.47e-05
Au-Ta-V,0.0666667,9.47e-05
Au-Ta-W,0.1511111,9.47e-05
Au-Ta-Zn,-0.0711111,9.47e-05
Au-Ta-Zr,-0.1422222,9.47e-05
Au-Ti-V,-0.1022222,9.47e-05
Au-Ti-W,0.0044444,9.47e-05
Au-Ti-Zn,-0.3155556,9.47e-05
Au-Ti-Zr,-0.32,9.47e-05
Au-V-W,0.1911111,9.47e-05
Au-V-Zn,-0.0488889,9.47e-05
Au-V-Zr,-0.0711111,9.47e-05
Au-W-Zn,0.1822222,9.47e-05
Au-W-Zr,0.0488889,9.47e-05
Au-Zn-Zr,-0.3555556,9.47e-05
Cd-Co-Cr,0.4222222,9.47e-05
Cd-Co-Cu,0.1733333,9.47e-05
Cd-Co-Fe,0.2533333,9.47e-05
Cd-Co-Hf,-0.0044444,9.47e-05
Cd-Co-Ir,0.0044444,9.47e-05
Cd-Co-Mg,0.1155556,9.47e-05
Cd-Co-Mn,0.2266667,9.47e-05
Cd-Co-Mo,0.3155556,9.47e-05
Cd-Co-Nb,0.1955556,9.47e-05
Cd-Co-Ni,0.1377778,9.47e-05
Cd-Co-Os,0.0711111,9.47e-05
Cd-Co-Pd,0.0,9.47e-05
Cd-Co-Pt,-0.0133333,9.47e-05
Cd-Co-Re,0.2622222,9.47e-05
Cd-Co-Rh,0.0177778,9.47e-05
Cd-Co-Ta,0.2044444,9.47e-05
Cd-Co-Ti,-0.0088889,9.47e-05
Cd-Co-V,0.1866667,9.47e-05
Cd-Co-W,0.3955556,9.47e-05
Cd-Co-Zn,0.0933333,9.47e-05
Cd-Co-Zr,0.0311111,9.47e-05
Cd-Cr-Cu,0.4266667,9.47e-05
Cd-Cr-Fe,0.4311111,9.47e-05
Cd-Cr-Hf,0.3244444,9.47e-05
Cd-Cr-Ir,0.1333333,9.47e-05
Cd-Cr-Mg,0.4222222,9.47e-05
Cd-Cr-Mn,0.3733333,9.47e-05
Cd-Cr-Mo,0.48,9.47e-05
Cd-Cr-Nb,0.4222222,9.47e-05
Cd-Cr-Ni,0.3377778,9.47e-05
Cd-Cr-Os,0.2044444,9.47e-05
Cd-Cr-Pd,0.2044444,9.47e-05
Cd-Cr-Pt,0.1288889,9.47e-05
Cd-Cr-Re,0.4044444,9.47e-05
Cd-Cr-Rh,0.1733333,9.47e-05
Cd-Cr-Ta,0.4444444,9.47e-05
Cd-Cr-Ti,0.2755556,9.47e-05
Cd-Cr-V,0.3733333,9.47e-05
Cd-Cr-W,0.5555556,9.47e-05
Cd-Cr-Zn,0.3466667,9.47e-05
Cd-Cr-Zr,0.3555556,9.47e-05
Cd-Cu-Fe,0.2355556,9.47e-05
Cd-Cu-Hf,-0.0177778,9.47e-05
Cd-Cu-Ir,-0.08,9.47e-05
Cd-Cu-Mg,-0.0311111,9.47e-05
Cd-Cu-Mn,0.1955556,9.47e-05
Cd-Cu-Mo,0.3066667,9.47e-05
Cd-Cu-Nb,0.1866667,9.47e-05
Cd-Cu-Ni,0.0711111,9.47e-05
Cd-Cu-Os,0.0177778,9.47e-05
Cd-Cu-Pd,-0.1422222,9.47e-05
Cd-Cu-Pt,-0.12,9.47e-05
Cd-Cu-Re,0.2444444,9.47e-05
Cd-Cu-Rh,-0.0711111,9.47e-05
Cd-Cu-Ta,0.2222222,9.47e-05
Cd-Cu-Ti,0.0,9.47e-05
Cd-Cu-V,0.2177778,9.47e-05
Cd-Cu-W,0.4177778,9.47e-05
Cd-Cu-Zn,-0.0088889,9.47e-05
Cd-Cu-Zr,-0.0133333,9.47e-05
Cd-Fe-Hf,0.0888889,9.47e-05
Cd-Fe-Ir,-0.0177778,9.47e-05
Cd-Fe-Mg,0.1688889,9.47e-05
Cd-Fe-Mn,0.2355556,9.47e-05
Cd-Fe-Mo,0.3422222,9.47e-05
Cd-Fe-Nb,0.2355556,9.47e-05
Cd-Fe-Ni,0.1422222,9.47e-05
Cd-Fe-Os,0.0533333,9.47e-05
Cd-Fe-Pd,0.0355556,9.47e-05
Cd-Fe-Pt,0.0088889,9.47e-05
Cd-Fe-Re,0.2622222,9.47e-05
Cd-Fe-Rh,0.0,9.47e-05
Cd-Fe-Ta,0.2533333,9.47e-05
Cd-Fe-Ti,0.0444444,9.47e-05
Cd-Fe-V,0.2,9.47e-05
Cd-Fe-W,0.4266667,9.47e-05
Cd-Fe-Zn,0.1288889,9.47e-05
Cd-Fe-Zr,0.1111111,9.47e-05
Cd-Hf-Ir,-0.4888889,9.47e-05
Cd-Hf-Mg,-0.0533333,9.47e-05
Cd-Hf-Mn,0.08,9.47e-05
Cd-Hf-Mo,0.1022222,9.47e-05
Cd-Hf-Nb,0.0533333,9.47e-05
Cd-Hf-Ni,-0.1244444,9.47e-05
Cd-Hf-Os,-0.2577778,9.47e-05
Cd-Hf-Pd,-0.4266667,9.47e-05
Cd-Hf-Pt,-0.5377778,9.47e-05
Cd-Hf-Re,-0.0177778,9.47e-05
Cd-Hf-Rh,-0.4533333,9.47e-05
Cd-Hf-Ta,0.1066667,9.47e-05
Cd-Hf-Ti,-0.0488889,9.47e-05
Cd-Hf-V,0.1377778,9.47e-05
Cd-Hf-W,0.2177778,9.47e-05
Cd-Hf-Zn,-0.0888889,9.47e-05
Cd-Hf-Zr,-0.08,9.47e-05
Cd-Ir-Mg,-0.2622222,9.47e-05
Cd-Ir-Mn,-0.0577778,9.47e-05
Cd-Ir-Mo,-0.04,9.47e-05
Cd-Ir-Nb,-0.2222222,9.47e-05
Cd-Ir-Ni,-0.0933333,9.47e-05
Cd-Ir-Os,-0.2,9.47e-05
Cd-Ir-Pd,-0.2088889,9.47e-05
Cd-Ir-Pt,-0.1866667,9.47e-05
Cd-Ir-Re,-0.08,9.47e-05
Cd-Ir-Rh,-0.2222222,9.47e-05
Cd-Ir-Ta,-0.2177778,9.47e-05
Cd-Ir-Ti,-0.4444444,9.47e-05
Cd-Ir-V,-0.1733333,9.47e-05
Cd-Ir-W,0.0444444,9.47e-05
Cd-Ir-Zn,-0.1822222,9.47e-05
Cd-Ir-Zr,-0.44,9.47e-05
Cd-Mg-Mn,0.1688889,9.47e-05
Cd-Mg-Mo,0.2311111,9.47e-05
Cd-Mg-Nb,0.1466667,9.47e-05
Cd-Mg-Ni,-0.0311111,9.47e-05
Cd-Mg-Os,-0.0888889,9.47e-05
Cd-Mg-Pd,-0.4177778,9.47e-05
Cd-Mg-Pt,-0.4444444,9.47e-05
Cd-Mg-Re,0.1511111,9.47e-05
Cd-Mg-Rh,-0.2933333,9.47e-05
Cd-Mg-Ta,0.2177778,9.47e-05
Cd-Mg-Ti,-0.0088889,9.47e-05
Cd-Mg-V,0.2266667,9.47e-05
Cd-Mg-W,0.3644444,9.47e-05
Cd-Mg-Zn,-0.0666667,9.47e-05
Cd-Mg-Zr,-0.0666667,9.47e-05
Cd-Mn-Mo,0.2977778,9.47e-05
Cd-Mn-Nb,0.2088889,9.47e-05
Cd-Mn-Ni,0.1422222,9.47e-05
Cd-Mn-Os,0.0133333,9.47e-05
Cd-Mn-Pd,-0.0755556,9.47e-05
Cd-Mn-Pt,-0.1111111,9.47e-05
Cd-Mn-Re,0.2133333,9.47e-05
Cd-Mn-Rh,-0.0266667,9.47e-05
Cd-Mn-Ta,0.2222222,9.47e-05
Cd-Mn-Ti,0.0222222,9.47e-05
Cd-Mn-V,0.1466667,9.47e-05
Cd-Mn-W,0.3777778,9.47e-05
Cd-Mn-Zn,0.12,9.47e-05
Cd-Mn-Zr,0.1111111,9.47e-05
Cd-Mo-Nb,0.2222222,9.47e-05
Cd-Mo-Ni,0.2222222,9.47e-05
Cd-Mo-Os,0.1155556,9.47e-05
Cd-Mo-Pd,0.0533333,9.47e-05
Cd-Mo-Pt,-0.0266667,9.47e-05
Cd-Mo-Re,0.2977778,9.47e-05
Cd-Mo-Rh,0.0088889,9.47e-05
Cd-Mo-Ta,0.2355556,9.47e-05
Cd-Mo-Ti,0.0933333,9.47e-05
Cd-Mo-V,0.2488889,9.47e-05
Cd-Mo-W,0.4044444,9.47e-05
Cd-Mo-Zn,0.2133333,9.47e-05
Cd-Mo-Zr,0.1377778,9.47e-05
Cd-Nb-Ni,0.0844444,9.47e-05
Cd-Nb-Os,-0.0577778,9.47e-05
Cd-Nb-Pd,-0.1377778,9.47e-05
Cd-Nb-Pt,-0.24,9.47e-05
Cd-Nb-Re,0.1288889,9.47e-05
Cd-Nb-Rh,-0.1777778,9.47e-05
Cd-Nb-Ta,0.2177778,9.47e-05
Cd-Nb-Ti,0.0755556,9.47e-05
Cd-Nb-V,0.2488889,9.47e-05
Cd-Nb-W,0.3111111,9.47e-05
Cd-Nb-Zn,0.0933333,9.47e-05
Cd-Nb-Zr,0.0666667,9.47e-05
Cd-Ni-Os,-0.04,9.47e-05
Cd-Ni-Pd,-0.0755556,9.47e-05
Cd-Ni-Pt,-0.0844444,9.47e-05
Cd-Ni-Re,0.1511111,9.47e-05
Cd-Ni-Rh,-0.0533333,9.47e-05
Cd-Ni-Ta,0.1022222,9.47e-05
Cd-Ni-Ti,-0.1244444,9.47e-05
Cd-Ni-V,0.0977778,9.47e-05
Cd-Ni-W,0.3111111,9.47e-05
Cd-Ni-Zn,-0.04,9.47e-05
Cd-Ni-Zr,-0.1066667,9.47e-05
Cd-Os-Pd,-0.1466667,9.47e-05
Cd-Os-Pt,-0.1555556,9.47e-05
Cd-Os-Re,0.04,9.47e-05
Cd-Os-Rh,-0.1022222,9.47e-05
Cd-Os-Ta,-0.0577778,9.47e-05
Cd-Os-Ti,-0.2888889,9.47e-05
Cd-Os-V,-0.0888889,9.47e-05
Cd-Os-W,0.2,9.47e-05
Cd-Os-Zn,-0.0533333,9.47e-05
Cd-Os-Zr,-0.2133333,9.47e-05
Cd-Pd-Pt,-0.2444444,9.47e-05
Cd-Pd-Re,0.04,9.47e-05
Cd-Pd-Rh,-0.1955556,9.47e-05
Cd-Pd-Ta,-0.1155556,9.47e-05
Cd-Pd-Ti,-0.3688889,9.47e-05
Cd-Pd-V,-0.0666667,9.47e-05
Cd-Pd-W,0.1555556,9.47e-05
Cd-Pd-Zn,-0.3155556,9.47e-05
Cd-Pd-Zr,-0.4088889,9.47e-05
Cd-Pt-Re,0.0,9.47e-05
Cd-Pt-Rh,-0.2044444,9.47e-05
Cd-Pt-Ta,-0.2177778,9.47e-05
Cd-Pt-Ti,-0.48,9.47e-05
Cd-Pt-V,-0.1644444,9.47e-05
Cd-Pt-W,0.08,9.47e-05
Cd-Pt-Zn,-0.2933333,9.47e-05
Cd-Pt-Zr,-0.5155556,9.47e-05
Cd-Re-Rh,0.0088889,9.47e-05
Cd-Re-Ta,0.1377778,9.47e-05
Cd-Re-Ti,-0.0666667,9.47e-05
Cd-Re-V,0.1111111,9.47e-05
Cd-Re-W,0.3777778,9.47e-05
Cd-Re-Zn,0.1688889,9.47e-05
Cd-Re-Zr,0.0177778,9.47e-05
Cd-Rh-Ta,-0.1733333,9.47e-05
Cd-Rh-Ti,-0.3955556,9.47e-05
Cd-Rh-V,-0.12,9.47e-05
Cd-Rh-W,0.0977778,9.47e-05
Cd-Rh-Zn,-0.2266667,9.47e-05
Cd-Rh-Zr,-0.4088889,9.47e-05
Cd-Ta-Ti,0.1244444,9.47e-05
Cd-Ta-V,0.2755556,9.47e-05
Cd-Ta-W,0.3288889,9.47e-05
Cd-Ta-Zn,0.1555556,9.47e-05
Cd-Ta-Zr,0.12,9.47e-05
Cd-Ti-V,0.1244444,9.47e-05
Cd-Ti-W,0.2,9.47e-05
Cd-Ti-Zn,-0.0711111,9.47e-05
Cd-Ti-Zr,-0.04,9.47e-05
Cd-V-W,0.3377778,9.47e-05
Cd-V-Zn,0.1466667,9.47e-05
Cd-V-Zr,0.16,9.47e-05
Cd-W-Zn,0.3466667,9.47e-05
Cd-W-Zr,0.2488889,9.47e-05
Cd-Zn-Zr,-0.1066667,9.47e-05
Co-Cr-Cu,0.2133333,9.47e-05
Co-Cr-Fe,0.1111111,9.47e-05
Co-Cr-Hf,0.0311111,9.47e-05
Co-Cr-Ir,-0.1333333,9.47e-05
Co-Cr-Mg,0.2933333,9.47e-05
Co-Cr-Mn,0.0533333,9.47e-05
Co-Cr-Mo,0.1422222,9.47e-05
Co-Cr-Nb,0.1066667,9.47e-05
Co-Cr-Ni,0.0622222,9.47e-05
Co-Cr-Os,-0.1555556,9.47e-05
Co-Cr-Pd,0.1377778,9.47e-05
Co-Cr-Pt,-0.0044444,9.47e-05
Co-Cr-Re,0.0133333,9.47e-05
Co-Cr-Rh,-0.0177778,9.47e-05
Co-Cr-Ta,0.0577778,9.47e-05
Co-Cr-Ti,-0.0577778,9.47e-05
Co-Cr-V,-0.0311111,9.47e-05
Co-Cr-W,0.1466667,9.47e-05
Co-Cr-Zn,0.08,9.47e-05
Co-Cr-Zr,0.1244444,9.47e-05
Co-Cu-Fe,0.1555556,9.47e-05
Co-Cu-Hf,-0.0711111,9.47e-05
Co-Cu-Ir,-0.1066667,9.47e-05
Co-Cu-Mg,0.08,9.47e-05
Co-Cu-Mn,0.1155556,9.47e-05
Co-Cu-Mo,0.2088889,9.47e-05
Co-Cu-Nb,0.1111111,9.47e-05
Co-Cu-Ni,0.0355556,9.47e-05
Co-Cu-Os,-0.1022222,9.47e-05
Co-Cu-Pd,0.0311111,9.47e-05
Co-Cu-Pt,-0.0133333,9.47e-05
Co-Cu-Re,0.0933333,9.47e-05
Co-Cu-Rh,-0.0222222,9.47e-05
Co-Cu-Ta,0.0755556,9.47e-05
Co-Cu-Ti,-0.0933333,9.47e-05
Co-Cu-V,0.0533333,9.47e-05
Co-Cu-W,0.2488889,9.47e-05
Co-Cu-Zn,-0.0355556,9.47e-05
Co-Cu-Zr,-0.0044444,9.47e-05
Co-Fe-Hf,-0.0711111,9.47e-05
Co-Fe-Ir,-0.1511111,9.47e-05
Co-Fe-Mg,0.1733333,9.47e-05
Co-Fe-Mn,0.0488889,9.47e-05
Co-Fe-Mo,0.1377778,9.47e-05
Co-Fe-Nb,0.0533333,9.47e-05
Co-Fe-Ni,0.0,9.47e-05
Co-Fe-Os,-0.1733333,9.47e-05
Co-Fe-Pd,0.1022222,9.47e-05
Co-Fe-Pt,0.0088889,9.47e-05
Co-Fe-Re,0.0044444,9.47e-05
Co-Fe-Rh,-0.0577778,9.47e-05
Co-Fe-Ta,-0.0,9.47e-05
Co-Fe-Ti,-0.1555556,9.47e-05
Co-Fe-V,-0.0711111,9.47e-05
Co-Fe-W,0.1511111,9.47e-05
Co-Fe-Zn,-0.0044444,9.47e-05
Co-Fe-Zr,0.0133333,9.47e-05
Co-Hf-Ir,-0.5955556,9.47e-05
Co-Hf-Mg,-0.0222222,9.47e-05
Co-Hf-Mn,-0.08,9.47e-05
Co-Hf-Mo,-0.0755556,9.47e-05
Co-Hf-Nb,-0.1022222,9.47e-05
Co-Hf-Ni,-0.24,9.47e-05
Co-Hf-Os,-0.4577778,9.47e-05
Co-Hf-Pd,-0.3333333,9.47e-05
Co-Hf-Pt,-0.5111111,9.47e-05
Co-Hf-Re,-0.2488889,9.47e-05
Co-Hf-Rh,-0.4844444,9.47e-05
Co-Hf-Ta,-0.12,9.47e-05
Co-Hf-Ti,-0.2222222,9.47e-05
Co-Hf-V,-0.1066667,9.47e-05
Co-Hf-W,-0.0311111,9.47e-05
Co-Hf-Zn,-0.1955556,9.47e-05
Co-Hf-Zr,-0.1511111,9.47e-05
Co-Ir-Mg,-0.2044444,9.47e-05
Co-Ir-Mn,-0.1911111,9.47e-05
Co-Ir-Mo,-0.1911111,9.47e-05
Co-Ir-Nb,-0.3511111,9.47e-05
Co-Ir-Ni,-0.1822222,9.47e-05
Co-Ir-Os,-0.3733333,9.47e-05
Co-Ir-Pd,-0.0888889,9.47e-05
Co-Ir-Pt,-0.1333333,9.47e-05
Co-Ir-Re,-0.2844444,9.47e-05
Co-Ir-Rh,-0.2266667,9.47e-05
Co-Ir-Ta,-0.4177778,9.47e-05
Co-Ir-Ti,-0.5911111,9.47e-05
Co-Ir-V,-0.3911111,9.47e-05
Co-Ir-W,-0.1777778,9.47e-05
Co-Ir-Zn,-0.2622222,9.47e-05
Co-Ir-Zr,-0.4844444,9.47e-05
Co-Mg-Mn,0.1733333,9.47e-05
Co-Mg-Mo,0.2177778,9.47e-05
Co-Mg-Nb,0.1555556,9.47e-05
Co-Mg-Ni,0.0177778,9.47e-05
Co-Mg-Os,-0.1244444,9.47e-05
Co-Mg-Pd,-0.16,9.47e-05
Co-Mg-Pt,-0.2533333,9.47e-05
Co-Mg-Re,0.0844444,9.47e-05
Co-Mg-Rh,-0.16,9.47e-05
Co-Mg-Ta,0.1555556,9.47e-05
Co-Mg-Ti,-0.0177778,9.47e-05
Co-Mg-V,0.1466667,9.47e-05
Co-Mg-W,0.28,9.47e-05
Co-Mg-Zn,-0.0088889,9.47e-05
Co-Mg-Zr,0.0266667,9.47e-05
Co-Mn-Mo,0.0933333,9.47e-05
Co-Mn-Nb,0.0266667,9.47e-05
Co-Mn-Ni,0.0,9.47e-05
Co-Mn-Os,-0.2133333,9.47e-05
Co-Mn-Pd,-0.0088889,9.47e-05
Co-Mn-Pt,-0.1111111,9.47e-05
Co-Mn-Re,-0.0444444,9.47e-05
Co-Mn-Rh,-0.0844444,9.47e-05
Co-Mn-Ta,-0.0311111,9.47e-05
Co-Mn-Ti,-0.1777778,9.47e-05
Co-Mn-V,-0.1244444,9.47e-05
Co-Mn-W,0.1022222,9.47e-05
Co-Mn-Zn,-0.0133333,9.47e-05
Co-Mn-Zr,0.0133333,9.47e-05
Co-Mo-Nb,0.0222222,9.47e-05
Co-Mo-Ni,0.0622222,9.47e-05
Co-Mo-Os,-0.1288889,9.47e-05
Co-Mo-Pd,0.1022222,9.47e-05
Co-Mo-Pt,-0.0444444,9.47e-05
Co-Mo-Re,0.0222222,9.47e-05
Co-Mo-Rh,-0.0666667,9.47e-05
Co-Mo-Ta,-0.0355556,9.47e-05
Co-Mo-Ti,-0.1244444,9.47e-05
Co-Mo-V,-0.04,9.47e-05
Co-Mo-W,0.1111111,9.47e-05
Co-Mo-Zn,0.0622222,9.47e-05
Co-Mo-Zr,0.0222222,9.47e-05
Co-Nb-Ni,-0.0533333,9.47e-05
Co-Nb-Os,-0.28,9.47e-05
Co-Nb-Pd,-0.0666667,9.47e-05
Co-Nb-Pt,-0.2355556,9.47e-05
Co-Nb-Re,-0.1244444,9.47e-05
Co-Nb-Rh,-0.2311111,9.47e-05
Co-Nb-Ta,-0.0311111,9.47e-05
Co-Nb-Ti,-0.12,9.47e-05
Co-Nb-V,-0.0177778,9.47e-05
Co-Nb-W,0.04,9.47e-05
Co-Nb-Zn,-0.0355556,9.47e-05
Co-Nb-Zr,-0.0266667,9.47e-05
Co-Ni-Os,-0.2222222,9.47e-05
Co-Ni-Pd,0.0355556,9.47e-05
Co-Ni-Pt,-0.04,9.47e-05
Co-Ni-Re,-0.0622222,9.47e-05
Co-Ni-Rh,-0.0666667,9.47e-05
Co-Ni-Ta,-0.1066667,9.47e-05
Co-Ni-Ti,-0.28,9.47e-05
Co-Ni-V,-0.1288889,9.47e-05
Co-Ni-W,0.08,9.47e-05
Co-Ni-Zn,-0.1288889,9.47e-05
Co-Ni-Zr,-0.16,9.47e-05
Co-Os-Pd,-0.12,9.47e-05
Co-Os-Pt,-0.1955556,9.47e-05
Co-Os-Re,-0.2577778,9.47e-05
Co-Os-Rh,-0.2,9.47e-05
Co-Os-Ta,-0.3511111,9.47e-05
Co-Os-Ti,-0.5288889,9.47e-05
Co-Os-V,-0.4,9.47e-05
Co-Os-W,-0.1155556,9.47e-05
Co-Os-Zn,-0.2266667,9.47e-05
Co-Os-Zr,-0.3511111,9.47e-05
Co-Pd-Pt,0.0088889,9.47e-05
Co-Pd-Re,0.0355556,9.47e-05
Co-Pd-Rh,0.0,9.47e-05
Co-Pd-Ta,-0.1155556,9.47e-05
Co-Pd-Ti,-0.3155556,9.47e-05
Co-Pd-V,-0.0844444,9.47e-05
Co-Pd-W,0.1333333,9.47e-05
Co-Pd-Zn,-0.1955556,9.47e-05
Co-Pd-Zr,-0.2533333,9.47e-05
Co-Pt-Re,-0.0711111,9.47e-05
Co-Pt-Rh,-0.0755556,9.47e-05
Co-Pt-Ta,-0.2844444,9.47e-05
Co-Pt-Ti,-0.4933333,9.47e-05
Co-Pt-V,-0.2488889,9.47e-05
Co-Pt-W,-0.0088889,9.47e-05
Co-Pt-Zn,-0.24,9.47e-05
Co-Pt-Zr,-0.4266667,9.47e-05
Co-Re-Rh,-0.12,9.47e-05
Co-Re-Ta,-0.1866667,9.47e-05
Co-Re-Ti,-0.3377778,9.47e-05
Co-Re-V,-0.2311111,9.47e-05
Co-Re-W,0.0311111,9.47e-05
Co-Re-Zn,-0.0355556,9.47e-05
Co-Re-Zr,-0.1511111,9.47e-05
Co-Rh-Ta,-0.2977778,9.47e-05
Co-Rh-Ti,-0.4666667,9.47e-05
Co-Rh-V,-0.2622222,9.47e-05
Co-Rh-W,-0.0488889,9.47e-05
Co-Rh-Zn,-0.2311111,9.47e-05
Co-Rh-Zr,-0.3777778,9.47e-05
Co-Ta-Ti,-0.1422222,9.47e-05
Co-Ta-V,-0.0622222,9.47e-05
Co-Ta-W,-0.0133333,9.47e-05
Co-Ta-Zn,-0.0444444,9.47e-05
Co-Ta-Zr,-0.0444444,9.47e-05
Co-Ti-V,-0.16,9.47e-05
Co-Ti-W,-0.0888889,9.47e-05
Co-Ti-Zn,-0.2177778,9.47e-05
Co-Ti-Zr,-0.1511111,9.47e-05
Co-V-W,-0.0222222,9.47e-05
Co-V-Zn,-0.0711111,9.47e-05
Co-V-Zr,-0.0222222,9.47e-05
Co-W-Zn,0.1244444,9.47e-05
Co-W-Zr,0.0622222,9.47e-05
Co-Zn-Zr,-0.1511111,9.47e-05
Cr-Cu-Fe,0.2577778,9.47e-05
Cr-Cu-Hf,0.1822222,9.47e-05
Cr-Cu-Ir,-0.0533333,9.47e-05
Cr-Cu-Mg,0.3111111,9.47e-05
Cr-Cu-Mn,0.1866667,9.47e-05
Cr-Cu-Mo,0.2977778,9.47e-05
Cr-Cu-Nb,0.2622222,9.47e-05
Cr-Cu-Ni,0.16,9.47e-05
Cr-Cu-Os,-0.0444444,9.47e-05
Cr-Cu-Pd,0.16,9.47e-05
Cr-Cu-Pt,0.0533333,9.47e-05
Cr-Cu-Re,0.16,9.47e-05
Cr-Cu-Rh,0.0577778,9.47e-05
Cr-Cu-Ta,0.24,9.47e-05
Cr-Cu-Ti,0.1155556,9.47e-05
Cr-Cu-V,0.1644444,9.47e-05
Cr-Cu-W,0.3333333,9.47e-05
Cr-Cu-Zn,0.1422222,9.47e-05
Cr-Cu-Zr,0.2444444,9.47e-05
Cr-Fe-Hf,0.1066667,9.47e-05
Cr-Fe-Ir,-0.1733333,9.47e-05
Cr-Fe-Mg,0.3288889,9.47e-05
Cr-Fe-Mn,0.0444444,9.47e-05
Cr-Fe-Mo,0.1511111,9.47e-05
Cr-Fe-Nb,0.1288889,9.47e-05
Cr-Fe-Ni,0.0488889,9.47e-05
Cr-Fe-Os,-0.1911111,9.47e-05
Cr-Fe-Pd,0.1555556,9.47e-05
Cr-Fe-Pt,0.0,9.47e-05
Cr-Fe-Re,-0.0044444,9.47e-05
Cr-Fe-Rh,-0.0533333,9.47e-05
Cr-Fe-Ta,0.0888889,9.47e-05
Cr-Fe-Ti,-0.0222222,9.47e-05
Cr-Fe-V,-0.0355556,9.47e-05
Cr-Fe-W,0.16,9.47e-05
Cr-Fe-Zn,0.0977778,9.47e-05
Cr-Fe-Zr,0.1866667,9.47e-05
Cr-Hf-Ir,-0.4666667,9.47e-05
Cr-Hf-Mg,0.2844444,9.47e-05
Cr-Hf-Mn,0.0666667,9.47e-05
Cr-Hf-Mo,0.0888889,9.47e-05
Cr-Hf-Nb,0.1244444,9.47e-05
Cr-Hf-Ni,-0.04,9.47e-05
Cr-Hf-Os,-0.3244444,9.47e-05
Cr-Hf-Pd,-0.1288889,9.47e-05
Cr-Hf-Pt,-0.3688889,9.47e-05
Cr-Hf-Re,-0.1066667,9.47e-05
Cr-Hf-Rh,-0.3288889,9.47e-05
Cr-Hf-Ta,0.12,9.47e-05
Cr-Hf-Ti,0.0622222,9.47e-05
Cr-Hf-V,0.08,9.47e-05
Cr-Hf-W,0.1288889,9.47e-05
Cr-Hf-Zn,0.0577778,9.47e-05
Cr-Hf-Zr,0.1733333,9.47e-05
Cr-Ir-Mg,-0.0977778,9.47e-05
Cr-Ir-Mn,-0.2444444,9.47e-05
Cr-Ir-Mo,-0.2266667,9.47e-05
Cr-Ir-Nb,-0.3244444,9.47e-05
Cr-Ir-Ni,-0.1822222,9.47e-05
Cr-Ir-Os,-0.44,9.47e-05
Cr-Ir-Pd,-0.0844444,9.47e-05
Cr-Ir-Pt,-0.1911111,9.47e-05
Cr-Ir-Re,-0.3422222,9.47e-05
Cr-Ir-Rh,-0.2711111,9.47e-05
Cr-Ir-Ta,-0.3777778,9.47e-05
Cr-Ir-Ti,-0.5066667,9.47e-05
Cr-Ir-V,-0.4044444,9.47e-05
Cr-Ir-W,-0.2177778,9.47e-05
Cr-Ir-Zn,-0.2088889,9.47e-05
Cr-Ir-Zr,-0.36,9.47e-05
Cr-Mg-Mn,0.2977778,9.47e-05
Cr-Mg-Mo,0.36,9.47e-05
Cr-Mg-Nb,0.36,9.47e-05
Cr-Mg-Ni,0.1955556,9.47e-05
Cr-Mg-Os,-0.0133333,9.47e-05
Cr-Mg-Pd,0.0222222,9.47e-05
Cr-Mg-Pt,-0.1333333,9.47e-05
Cr-Mg-Re,0.2044444,9.47e-05
Cr-Mg-Rh,-0.0266667,9.47e-05
Cr-Mg-Ta,0.3733333,9.47e-05
Cr-Mg-Ti,0.2444444,9.47e-05
Cr-Mg-V,0.3111111,9.47e-05
Cr-Mg-W,0.4177778,9.47e-05
Cr-Mg-Zn,0.2222222,9.47e-05
Cr-Mg-Zr,0.3288889,9.47e-05
Cr-Mn-Mo,0.0755556,9.47e-05
Cr-Mn-Nb,0.0711111,9.47e-05
Cr-Mn-Ni,0.0177778,9.47e-05
Cr-Mn-Os,-0.2622222,9.47e-05
Cr-Mn-Pd,0.0133333,9.47e-05
Cr-Mn-Pt,-0.1511111,9.47e-05
Cr-Mn-Re,-0.0844444,9.47e-05
Cr-Mn-Rh,-0.1111111,9.47e-05
Cr-Mn-Ta,0.0266667,9.47e-05
Cr-Mn-Ti,-0.0755556,9.47e-05
Cr-Mn-V,-0.12,9.47e-05
Cr-Mn-W,0.08,9.47e-05
Cr-Mn-Zn,0.0577778,9.47e-05
Cr-Mn-Zr,0.1555556,9.47e-05
Cr-Mo-Nb,0.0844444,9.47e-05
Cr-Mo-Ni,0.0977778,9.47e-05
Cr-Mo-Os,-0.16,9.47e-05
Cr-Mo-Pd,0.1422222,9.47e-05
Cr-Mo-Pt,-0.0666667,9.47e-05
Cr-Mo-Re,0.0,9.47e-05
Cr-Mo-Rh,-0.0755556,9.47e-05
Cr-Mo-Ta,0.04,9.47e-05
Cr-Mo-Ti,-0.0044444,9.47e-05
Cr-Mo-V,-0.0177778,9.47e-05
Cr-Mo-W,0.1066667,9.47e-05
Cr-Mo-Zn,0.1511111,9.47e-05
Cr-Mo-Zr,0.1822222,9.47e-05
Cr-Nb-Ni,0.0444444,9.47e-05
Cr-Nb-Os,-0.2488889,9.47e-05
Cr-Nb-Pd,0.0355556,9.47e-05
Cr-Nb-Pt,-0.1955556,9.47e-05
Cr-Nb-Re,-0.0844444,9.47e-05
Cr-Nb-Rh,-0.1777778,9.47e-05
Cr-Nb-Ta,0.1066667,9.47e-05
Cr-Nb-Ti,0.0622222,9.47e-05
Cr-Nb-V,0.0666667,9.47e-05
Cr-Nb-W,0.0977778,9.47e-05
Cr-Nb-Zn,0.1155556,9.47e-05
Cr-Nb-Zr,0.1955556,9.47e-05
Cr-Ni-Os,-0.2177778,9.47e-05
Cr-Ni-Pd,0.1111111,9.47e-05
Cr-Ni-Pt,-0.0266667,9.47e-05
Cr-Ni-Re,-0.0488889,9.47e-05
Cr-Ni-Rh,-0.04,9.47e-05
Cr-Ni-Ta,0.0044444,9.47e-05
Cr-Ni-Ti,-0.1244444,9.47e-05
Cr-Ni-V,-0.0711111,9.47e-05
Cr-Ni-W,0.1111111,9.47e-05
Cr-Ni-Zn,-0.0044444,9.47e-05
Cr-Ni-Zr,0.0355556,9.47e-05
Cr-Os-Pd,-0.1111111,9.47e-05
Cr-Os-Pt,-0.2488889,9.47e-05
Cr-Os-Re,-0.3111111,9.47e-05
Cr-Os-Rh,-0.24,9.47e-05
Cr-Os-Ta,-0.3066667,9.47e-05
Cr-Os-Ti,-0.44,9.47e-05
Cr-Os-V,-0.4088889,9.47e-05
Cr-Os-W,-0.1511111,9.47e-05
Cr-Os-Zn,-0.1688889,9.47e-05
Cr-Os-Zr,-0.2222222,9.47e-05
Cr-Pd-Pt,0.0266667,9.47e-05
Cr-Pd-Re,0.0533333,9.47e-05
Cr-Pd-Rh,0.0311111,9.47e-05
Cr-Pd-Ta,-0.0,9.47e-05
Cr-Pd-Ti,-0.1555556,9.47e-05
Cr-Pd-V,-0.0222222,9.47e-05
Cr-Pd-W,0.1688889,9.47e-05
Cr-Pd-Zn,-0.0666667,9.47e-05
Cr-Pd-Zr,-0.0533333,9.47e-05
Cr-Pt-Re,-0.1155556,9.47e-05
Cr-Pt-Rh,-0.1066667,9.47e-05
Cr-Pt-Ta,-0.2311111,9.47e-05
Cr-Pt-Ti,-0.3955556,9.47e-05
Cr-Pt-V,-0.2488889,9.47e-05
Cr-Pt-W,-0.0355556,9.47e-05
Cr-Pt-Zn,-0.1733333,9.47e-05
Cr-Pt-Zr,-0.2888889,9.47e-05
Cr-Re-Rh,-0.1511111,9.47e-05
Cr-Re-Ta,-0.1333333,9.47e-05
Cr-Re-Ti,-0.24,9.47e-05
Cr-Re-V,-0.2311111,9.47e-05
Cr-Re-W,0.0044444,9.47e-05
Cr-Re-Zn,0.0311111,9.47e-05
Cr-Re-Zr,-0.0133333,9.47e-05
Cr-Rh-Ta,-0.2311111,9.47e-05
Cr-Rh-Ti,-0.3555556,9.47e-05
Cr-Rh-V,-0.2488889,9.47e-05
Cr-Rh-W,-0.0622222,9.47e-05
Cr-Rh-Zn,-0.1511111,9.47e-05
Cr-Rh-Zr,-0.2266667,9.47e-05
Cr-Ta-Ti,0.0533333,9.47e-05
Cr-Ta-V,0.0355556,9.47e-05
Cr-Ta-W,0.0577778,9.47e-05
Cr-Ta-Zn,0.12,9.47e-05
Cr-Ta-Zr,0.1911111,9.47e-05
Cr-Ti-V,-0.0177778,9.47e-05
Cr-Ti-W,0.0266667,9.47e-05
Cr-Ti-Zn,-0.0088889,9.47e-05
Cr-Ti-Zr,0.1288889,9.47e-05
Cr-V-W,-0.0044444,9.47e-05
Cr-V-Zn,0.04,9.47e-05
Cr-V-Zr,0.16,9.47e-05
Cr-W-Zn,0.2088889,9.47e-05
Cr-W-Zr,0.2177778,9.47e-05
Cr-Zn-Zr,0.0977778,9.47e-05
Cu-Fe-Hf,0.0577778,9.47e-05
Cu-Fe-Ir,-0.0933333,9.47e-05
Cu-Fe-Mg,0.1688889,9.47e-05
Cu-Fe-Mn,0.16,9.47e-05
Cu-Fe-Mo,0.2711111,9.47e-05
Cu-Fe-Nb,0.1866667,9.47e-05
Cu-Fe-Ni,0.0755556,9.47e-05
Cu-Fe-Os,-0.0844444,9.47e-05
Cu-Fe-Pd,0.1022222,9.47e-05
Cu-Fe-Pt,0.0444444,9.47e-05
Cu-Fe-Re,0.1288889,9.47e-05
Cu-Fe-Rh,-0.0044444,9.47e-05
Cu-Fe-Ta,0.16,9.47e-05
Cu-Fe-Ti,-0.0044444,9.47e-05
Cu-Fe-V,0.1022222,9.47e-05
Cu-Fe-W,0.3155556,9.47e-05
Cu-Fe-Zn,0.0355556,9.47e-05
Cu-Fe-Zr,0.1111111,9.47e-05
Cu-Hf-Ir,-0.5333333,9.47e-05
Cu-Hf-Mg,-0.0222222,9.47e-05
Cu-Hf-Mn,0.0355556,9.47e-05
Cu-Hf-Mo,0.0622222,9.47e-05
Cu-Hf-Nb,0.0355556,9.47e-05
Cu-Hf-Ni,-0.16,9.47e-05
Cu-Hf-Os,-0.3644444,9.47e-05
Cu-Hf-Pd,-0.3288889,9.47e-05
Cu-Hf-Pt,-0.4711111,9.47e-05
Cu-Hf-Re,-0.12,9.47e-05
Cu-Hf-Rh,-0.4266667,9.47e-05
Cu-Hf-Ta,0.0444444,9.47e-05
Cu-Hf-Ti,-0.0666667,9.47e-05
Cu-Hf-V,0.0711111,9.47e-05
Cu-Hf-W,0.1377778,9.47e-05
Cu-Hf-Zn,-0.1511111,9.47e-05
Cu-Hf-Zr,-0.0488889,9.47e-05
Cu-Ir-Mg,-0.2755556,9.47e-05
Cu-Ir-Mn,-0.1466667,9.47e-05
Cu-Ir-Mo,-0.1244444,9.47e-05
Cu-Ir-Nb,-0.2844444,9.47e-05
Cu-Ir-Ni,-0.1733333,9.47e-05
Cu-Ir-Os,-0.3511111,9.47e-05
Cu-Ir-Pd,-0.1555556,9.47e-05
Cu-Ir-Pt,-0.1644444,9.47e-05
Cu-Ir-Re,-0.2266667,9.47e-05
Cu-Ir-Rh,-0.24,9.47e-05
Cu-Ir-Ta,-0.3244444,9.47e-05
Cu-Ir-Ti,-0.5066667,9.47e-05
Cu-Ir-V,-0.2844444,9.47e-05
Cu-Ir-W,-0.08,9.47e-05
Cu-Ir-Zn,-0.2888889,9.47e-05
Cu-Ir-Zr,-0.4533333,9.47e-05
Cu-Mg-Mn,0.1555556,9.47e-05
Cu-Mg-Mo,0.2222222,9.47e-05
Cu-Mg-Nb,0.16,9.47e-05
Cu-Mg-Ni,-0.0355556,9.47e-05
Cu-Mg-Os,-0.1644444,9.47e-05
Cu-Mg-Pd,-0.2888889,9.47e-05
Cu-Mg-Pt,-0.3466667,9.47e-05
Cu-Mg-Re,0.08,9.47e-05
Cu-Mg-Rh,-0.2355556,9.47e-05
Cu-Mg-Ta,0.1866667,9.47e-05
Cu-Mg-Ti,0.0044444,9.47e-05
Cu-Mg-V,0.1911111,9.47e-05
Cu-Mg-W,0.3155556,9.47e-05
Cu-Mg-Zn,-0.0977778,9.47e-05
Cu-Mg-Zr,-0.0044444,9.47e-05
Cu-Mn-Mo,0.2133333,9.47e-05
Cu-Mn-Nb,0.1466667,9.47e-05
Cu-Mn-Ni,0.0622222,9.47e-05
Cu-Mn-Os,-0.1377778,9.47e-05
Cu-Mn-Pd,-0.0222222,9.47e-05
Cu-Mn-Pt,-0.0888889,9.47e-05
Cu-Mn-Re,0.0666667,9.47e-05
Cu-Mn-Rh,-0.0444444,9.47e-05
Cu-Mn-Ta,0.1155556,9.47e-05
Cu-Mn-Ti,-0.04,9.47e-05
Cu-Mn-V,0.0355556,9.47e-05
Cu-Mn-W,0.2533333,9.47e-05
Cu-Mn-Zn,0.0133333,9.47e-05
Cu-Mn-Zr,0.0977778,9.47e-05
Cu-Mo-Nb,0.1644444,9.47e-05
Cu-Mo-Ni,0.1466667,9.47e-05
Cu-Mo-Os,-0.0311111,9.47e-05
Cu-Mo-Pd,0.1111111,9.47e-05
Cu-Mo-Pt,0.0,9.47e-05
Cu-Mo-Re,0.1555556,9.47e-05
Cu-Mo-Rh,-0.0044444,9.47e-05
Cu-Mo-Ta,0.1333333,9.47e-05
Cu-Mo-Ti,0.0355556,9.47e-05
Cu-Mo-V,0.1422222,9.47e-05
Cu-Mo-W,0.2844444,9.47e-05
Cu-Mo-Zn,0.1111111,9.47e-05
Cu-Mo-Zr,0.1288889,9.47e-05
Cu-Nb-Ni,0.0311111,9.47e-05
Cu-Nb-Os,-0.1822222,9.47e-05
Cu-Nb-Pd,-0.0577778,9.47e-05
Cu-Nb-Pt,-0.1911111,9.47e-05
Cu-Nb-Re,0.0088889,9.47e-05
Cu-Nb-Rh,-0.1688889,9.47e-05
Cu-Nb-Ta,0.1377778,9.47e-05
Cu-Nb-Ti,0.04,9.47e-05
Cu-Nb-V,0.1644444,9.47e-05
Cu-Nb-W,0.2133333,9.47e-05
Cu-Nb-Zn,0.0133333,9.47e-05
Cu-Nb-Zr,0.08,9.47e-05
Cu-Ni-Os,-0.1822222,9.47e-05
Cu-Ni-Pd,-0.0133333,9.47e-05
Cu-Ni-Pt,-0.0533333,9.47e-05
Cu-Ni-Re,0.0133333,9.47e-05
Cu-Ni-Rh,-0.0622222,9.47e-05
Cu-Ni-Ta,0.0044444,9.47e-05
Cu-Ni-Ti,-0.1777778,9.47e-05
Cu-Ni-V,-0.0044444,9.47e-05
Cu-Ni-W,0.1955556,9.47e-05
Cu-Ni-Zn,-0.1377778,9.47e-05
Cu-Ni-Zr,-0.1111111,9.47e-05
Cu-Os-Pd,-0.1555556,9.47e-05
Cu-Os-Pt,-0.1955556,9.47e-05
Cu-Os-Re,-0.1688889,9.47e-05
Cu-Os-Rh,-0.1822222,9.47e-05
Cu-Os-Ta,-0.2266667,9.47e-05
Cu-Os-Ti,-0.4133333,9.47e-05
Cu-Os-V,-0.2622222,9.47e-05
Cu-Os-W,0.0133333,9.47e-05
Cu-Os-Zn,-0.2222222,9.47e-05
Cu-Os-Zr,-0.2888889,9.47e-05
Cu-Pd-Pt,-0.08,9.47e-05
Cu-Pd-Re,0.0355556,9.47e-05
Cu-Pd-Rh,-0.0711111,9.47e-05
Cu-Pd-Ta,-0.08,9.47e-05
Cu-Pd-Ti,-0.2888889,9.47e-05
Cu-Pd-V,-0.0355556,9.47e-05
Cu-Pd-W,0.1733333,9.47e-05
Cu-Pd-Zn,-0.28,9.47e-05
Cu-Pd-Zr,-0.28,9.47e-05
Cu-Pt-Re,-0.0355556,9.47e-05
Cu-Pt-Rh,-0.1111111,9.47e-05
Cu-Pt-Ta,-0.2133333,9.47e-05
Cu-Pt-Ti,-0.4311111,9.47e-05
Cu-Pt-V,-0.1644444,9.47e-05
Cu-Pt-W,0.0666667,9.47e-05
Cu-Pt-Zn,-0.2888889,9.47e-05
Cu-Pt-Zr,-0.4177778,9.47e-05
Cu-Re-Rh,-0.0666667,9.47e-05
Cu-Re-Ta,-0.0266667,9.47e-05
Cu-Re-Ti,-0.1866667,9.47e-05
Cu-Re-V,-0.0577778,9.47e-05
Cu-Re-W,0.1955556,9.47e-05
Cu-Re-Zn,0.0044444,9.47e-05
Cu-Re-Zr,-0.0533333,9.47e-05
Cu-Rh-Ta,-0.2088889,9.47e-05
Cu-Rh-Ti,-0.3866667,9.47e-05
Cu-Rh-V,-0.16,9.47e-05
Cu-Rh-W,0.0444444,9.47e-05
Cu-Rh-Zn,-0.2622222,9.47e-05
Cu-Rh-Zr,-0.3511111,9.47e-05
Cu-Ta-Ti,0.0444444,9.47e-05
Cu-Ta-V,0.1466667,9.47e-05
Cu-Ta-W,0.1866667,9.47e-05
Cu-Ta-Zn,0.0311111,9.47e-05
Cu-Ta-Zr,0.0888889,9.47e-05
Cu-Ti-V,0.04,9.47e-05
Cu-Ti-W,0.1022222,9.47e-05
Cu-Ti-Zn,-0.1511111,9.47e-05
Cu-Ti-Zr,-0.0266667,9.47e-05
Cu-V-W,0.1911111,9.47e-05
Cu-V-Zn,0.0177778,9.47e-05
Cu-V-Zr,0.1244444,9.47e-05
Cu-W-Zn,0.2044444,9.47e-05
Cu-W-Zr,0.2,9.47e-05
Cu-Zn-Zr,-0.1377778,9.47e-05
Fe-Hf-Ir,-0.5511111,9.47e-05
Fe-Hf-Mg,0.0977778,9.47e-05
Fe-Hf-Mn,-0.0044444,9.47e-05
Fe-Hf-Mo,0.0177778,9.47e-05
Fe-Hf-Nb,0.0044444,9.47e-05
Fe-Hf-Ni,-0.1688889,9.47e-05
Fe-Hf-Os,-0.4088889,9.47e-05
Fe-Hf-Pd,-0.2311111,9.47e-05
Fe-Hf-Pt,-0.4222222,9.47e-05
Fe-Hf-Re,-0.1822222,9.47e-05
Fe-Hf-Rh,-0.4355556,9.47e-05
Fe-Hf-Ta,-0.0044444,9.47e-05
Fe-Hf-Ti,-0.1022222,9.47e-05
Fe-Hf-V,-0.0266667,9.47e-05
Fe-Hf-W,0.0666667,9.47e-05
Fe-Hf-Zn,-0.0933333,9.47e-05
Fe-Hf-Zr,-0.0044444,9.47e-05
Fe-Ir-Mg,-0.2,9.47e-05
Fe-Ir-Mn,-0.2311111,9.47e-05
Fe-Ir-Mo,-0.2133333,9.47e-05
Fe-Ir-Nb,-0.36,9.47e-05
Fe-Ir-Ni,-0.2266667,9.47e-05
Fe-Ir-Os,-0.44,9.47e-05
Fe-Ir-Pd,-0.1022222,9.47e-05
Fe-Ir-Pt,-0.16,9.47e-05
Fe-Ir-Re,-0.3333333,9.47e-05
Fe-Ir-Rh,-0.2933333,9.47e-05
Fe-Ir-Ta,-0.4177778,9.47e-05
Fe-Ir-Ti,-0.5866667,9.47e-05
Fe-Ir-V,-0.4266667,9.47e-05
Fe-Ir-W,-0.1955556,9.47e-05
Fe-Ir-Zn,-0.2755556,9.47e-05
Fe-Ir-Zr,-0.4533333,9.47e-05
Fe-Mg-Mn,0.2088889,9.47e-05
Fe-Mg-Mo,0.2711111,9.47e-05
Fe-Mg-Nb,0.2222222,9.47e-05
Fe-Mg-Ni,0.0488889,9.47e-05
Fe-Mg-Os,-0.1155556,9.47e-05
Fe-Mg-Pd,-0.0977778,9.47e-05
Fe-Mg-Pt,-0.2044444,9.47e-05
Fe-Mg-Re,0.1111111,9.47e-05
Fe-Mg-Rh,-0.1511111,9.47e-05
Fe-Mg-Ta,0.2311111,9.47e-05
Fe-Mg-Ti,0.0622222,9.47e-05
Fe-Mg-V,0.1866667,9.47e-05
Fe-Mg-W,0.3377778,9.47e-05
Fe-Mg-Zn,0.0533333,9.47e-05
Fe-Mg-Zr,0.1333333,9.47e-05
Fe-Mn-Mo,0.1022222,9.47e-05
Fe-Mn-Nb,0.0488889,9.47e-05
Fe-Mn-Ni,-0.0133333,9.47e-05
Fe-Mn-Os,-0.2488889,9.47e-05
Fe-Mn-Pd,0.0088889,9.47e-05
Fe-Mn-Pt,-0.1066667,9.47e-05
Fe-Mn-Re,-0.0622222,9.47e-05
Fe-Mn-Rh,-0.12,9.47e-05
Fe-Mn-Ta,0.0,9.47e-05
Fe-Mn-Ti,-0.1422222,9.47e-05
Fe-Mn-V,-0.1288889,9.47e-05
Fe-Mn-W,0.1155556,9.47e-05
Fe-Mn-Zn,0.0044444,9.47e-05
Fe-Mn-Zr,0.0755556,9.47e-05
Fe-Mo-Nb,0.0622222,9.47e-05
Fe-Mo-Ni,0.0666667,9.47e-05
Fe-Mo-Os,-0.1466667,9.47e-05
Fe-Mo-Pd,0.1377778,9.47e-05
Fe-Mo-Pt,-0.0222222,9.47e-05
Fe-Mo-Re,0.0222222,9.47e-05
Fe-Mo-Rh,-0.0844444,9.47e-05
Fe-Mo-Ta,0.0133333,9.47e-05
Fe-Mo-Ti,-0.0711111,9.47e-05
Fe-Mo-V,-0.0266667,9.47e-05
Fe-Mo-W,0.1422222,9.47e-05
Fe-Mo-Zn,0.0977778,9.47e-05
Fe-Mo-Zr,0.1022222,9.47e-05
Fe-Nb-Ni,-0.0355556,9.47e-05
Fe-Nb-Os,-0.2844444,9.47e-05
Fe-Nb-Pd,-0.0177778,9.47e-05
Fe-Nb-Pt,-0.2,9.47e-05
Fe-Nb-Re,-0.1111111,9.47e-05
Fe-Nb-Rh,-0.2355556,9.47e-05
Fe-Nb-Ta,0.0311111,9.47e-05
Fe-Nb-Ti,-0.0533333,9.47e-05
Fe-Nb-V,0.0088889,9.47e-05
Fe-Nb-W,0.0844444,9.47e-05
Fe-Nb-Zn,0.0133333,9.47e-05
Fe-Nb-Zr,0.0666667,9.47e-05
Fe-Ni-Os,-0.2622222,9.47e-05
Fe-Ni-Pd,0.0488889,9.47e-05
Fe-Ni-Pt,-0.04,9.47e-05
Fe-Ni-Re,-0.0844444,9.47e-05
Fe-Ni-Rh,-0.1066667,9.47e-05
Fe-Ni-Ta,-0.08,9.47e-05
Fe-Ni-Ti,-0.2488889,9.47e-05
Fe-Ni-V,-0.1377778,9.47e-05
Fe-Ni-W,0.0888889,9.47e-05
Fe-Ni-Zn,-0.1155556,9.47e-05
Fe-Ni-Zr,-0.1022222,9.47e-05
Fe-Os-Pd,-0.1288889,9.47e-05
Fe-Os-Pt,-0.2177778,9.47e-05
Fe-Os-Re,-0.3022222,9.47e-05
Fe-Os-Rh,-0.2622222,9.47e-05
Fe-Os-Ta,-0.3466667,9.47e-05
Fe-Os-Ti,-0.52,9.47e-05
Fe-Os-V,-0.4311111,9.47e-05
Fe-Os-W,-0.1288889,9.47e-05
Fe-Os-Zn,-0.2355556,9.47e-05
Fe-Os-Zr,-0.3155556,9.47e-05
Fe-Pd-Pt,0.04,9.47e-05
Fe-Pd-Re,0.0444444,9.47e-05
Fe-Pd-Rh,-0.0088889,9.47e-05
Fe-Pd-Ta,-0.0577778,9.47e-05
Fe-Pd-Ti,-0.2533333,9.47e-05
Fe-Pd-V,-0.0622222,9.47e-05
Fe-Pd-W,0.1733333,9.47e-05
Fe-Pd-Zn,-0.1511111,9.47e-05
Fe-Pd-Zr,-0.1644444,9.47e-05
Fe-Pt-Re,-0.0755556,9.47e-05
Fe-Pt-Rh,-0.0977778,9.47e-05
Fe-Pt-Ta,-0.24,9.47e-05
Fe-Pt-Ti,-0.4444444,9.47e-05
Fe-Pt-V,-0.24,9.47e-05
Fe-Pt-W,0.0177778,9.47e-05
Fe-Pt-Zn,-0.2088889,9.47e-05
Fe-Pt-Zr,-0.3511111,9.47e-05
Fe-Re-Rh,-0.1644444,9.47e-05
Fe-Re-Ta,-0.1644444,9.47e-05
Fe-Re-Ti,-0.3111111,9.47e-05
Fe-Re-V,-0.2444444,9.47e-05
Fe-Re-W,0.0355556,9.47e-05
Fe-Re-Zn,-0.0266667,9.47e-05
Fe-Re-Zr,-0.0977778,9.47e-05
Fe-Rh-Ta,-0.2933333,9.47e-05
Fe-Rh-Ti,-0.4577778,9.47e-05
Fe-Rh-V,-0.2933333,9.47e-05
Fe-Rh-W,-0.0622222,9.47e-05
Fe-Rh-Zn,-0.24,9.47e-05
Fe-Rh-Zr,-0.3422222,9.47e-05
Fe-Ta-Ti,-0.0666667,9.47e-05
Fe-Ta-V,-0.0266667,9.47e-05
Fe-Ta-W,0.04,9.47e-05
Fe-Ta-Zn,0.0133333,9.47e-05
Fe-Ta-Zr,0.0577778,9.47e-05
Fe-Ti-V,-0.12,9.47e-05
Fe-Ti-W,-0.0311111,9.47e-05
Fe-Ti-Zn,-0.1555556,9.47e-05
Fe-Ti-Zr,-0.0444444,9.47e-05
Fe-V-W,-0.0044444,9.47e-05
Fe-V-Zn,-0.0488889,9.47e-05
Fe-V-Zr,0.0444444,9.47e-05
Fe-W-Zn,0.1644444,9.47e-05
Fe-W-Zr,0.1466667,9.47e-05
Fe-Zn-Zr,-0.0622222,9.47e-05
Hf-Ir-Mg,-0.6088889,9.47e-05
Hf-Ir-Mn,-0.5733333,9.47e-05
Hf-Ir-Mo,-0.64,9.47e-05
Hf-Ir-Nb,-0.7288889,9.47e-05
Hf-Ir-Ni,-0.68,9.47e-05
Hf-Ir-Os,-0.9377778,9.47e-05
Hf-Ir-Pd,-0.7511111,9.47e-05
Hf-Ir-Pt,-0.8933333,9.47e-05
Hf-Ir-Re,-0.8,9.47e-05
Hf-Ir-Rh,-0.9333333,9.47e-05
Hf-Ir-Ta,-0.7511111,9.47e-05
Hf-Ir-Ti,-0.8666667,9.47e-05
Hf-Ir-V,-0.6755556,9.47e-05
Hf-Ir-W,-0.5911111,9.47e-05
Hf-Ir-Zn,-0.68,9.47e-05
Hf-Ir-Zr,-0.8311111,9.47e-05
Hf-Mg-Mn,0.1155556,9.47e-05
Hf-Mg-Mo,0.0933333,9.47e-05
Hf-Mg-Nb,0.1022222,9.47e-05
Hf-Mg-Ni,-0.1555556,9.47e-05
Hf-Mg-Os,-0.3644444,9.47e-05
Hf-Mg-Pd,-0.4977778,9.47e-05
Hf-Mg-Pt,-0.6888889,9.47e-05
Hf-Mg-Re,-0.1066667,9.47e-05
Hf-Mg-Rh,-0.5422222,9.47e-05
Hf-Mg-Ta,0.1466667,9.47e-05
Hf-Mg-Ti,0.0311111,9.47e-05
Hf-Mg-V,0.1866667,9.47e-05
Hf-Mg-W,0.1911111,9.47e-05
Hf-Mg-Zn,-0.1022222,9.47e-05
Hf-Mg-Zr,0.0044444,9.47e-05
Hf-Mn-Mo,-0.0088889,9.47e-05
Hf-Mn-Nb,-0.0044444,9.47e-05
Hf-Mn-Ni,-0.1511111,9.47e-05
Hf-Mn-Os,-0.4311111,9.47e-05
Hf-Mn-Pd,-0.3244444,9.47e-05
Hf-Mn-Pt,-0.5244444,9.47e-05
Hf-Mn-Re,-0.2133333,9.47e-05
Hf-Mn-Rh,-0.4444444,9.47e-05
Hf-Mn-Ta,-0.0177778,9.47e-05
Hf-Mn-Ti,-0.1066667,9.47e-05
Hf-Mn-V,-0.0622222,9.47e-05
Hf-Mn-W,0.0355556,9.47e-05
Hf-Mn-Zn,-0.0844444,9.47e-05
Hf-Mn-Zr,0.0133333,9.47e-05
Hf-Mo-Nb,-0.0755556,9.47e-05
Hf-Mo-Ni,-0.1555556,9.47e-05
Hf-Mo-Os,-0.4133333,9.47e-05
Hf-Mo-Pd,-0.28,9.47e-05
Hf-Mo-Pt,-0.5244444,9.47e-05
Hf-Mo-Re,-0.2133333,9.47e-05
Hf-Mo-Rh,-0.4933333,9.47e-05
Hf-Mo-Ta,-0.0888889,9.47e-05
Hf-Mo-Ti,-0.12,9.47e-05
Hf-Mo-V,-0.0444444,9.47e-05
Hf-Mo-W,-0.0222222,9.47e-05
Hf-Mo-Zn,-0.0755556,9.47e-05
Hf-Mo-Zr,-0.0444444,9.47e-05
Hf-Nb-Ni,-0.2,9.47e-05
Hf-Nb-Os,-0.4933333,9.47e-05
Hf-Nb-Pd,-0.3777778,9.47e-05
Hf-Nb-Pt,-0.6444444,9.47e-05
Hf-Nb-Re,-0.2888889,9.47e-05
Hf-Nb-Rh,-0.5866667,9.47e-05
Hf-Nb-Ta,-0.0133333,9.47e-05
Hf-Nb-Ti,-0.0444444,9.47e-05
Hf-Nb-V,0.0488889,9.47e-05
Hf-Nb-W,-0.0222222,9.47e-05
Hf-Nb-Zn,-0.1022222,9.47e-05
Hf-Nb-Zr,-0.0222222,9.47e-05
Hf-Ni-Os,-0.5555556,9.47e-05
Hf-Ni-Pd,-0.3955556,9.47e-05
Hf-Ni-Pt,-0.5688889,9.47e-05
Hf-Ni-Re,-0.3466667,9.47e-05
Hf-Ni-Rh,-0.5422222,9.47e-05
Hf-Ni-Ta,-0.2088889,9.47e-05
Hf-Ni-Ti,-0.3244444,9.47e-05
Hf-Ni-V,-0.1822222,9.47e-05
Hf-Ni-W,-0.1022222,9.47e-05
Hf-Ni-Zn,-0.3155556,9.47e-05
Hf-Ni-Zr,-0.2755556,9.47e-05
Hf-Os-Pd,-0.6177778,9.47e-05
Hf-Os-Pt,-0.7911111,9.47e-05
Hf-Os-Re,-0.6088889,9.47e-05
Hf-Os-Rh,-0.7422222,9.47e-05
Hf-Os-Ta,-0.52,9.47e-05
Hf-Os-Ti,-0.64,9.47e-05
Hf-Os-V,-0.52,9.47e-05
Hf-Os-W,-0.3644444,9.47e-05
Hf-Os-Zn,-0.48,9.47e-05
Hf-Os-Zr,-0.5333333,9.47e-05
Hf-Pd-Pt,-0.6844444,9.47e-05
Hf-Pd-Re,-0.4133333,9.47e-05
Hf-Pd-Rh,-0.64,9.47e-05
Hf-Pd-Ta,-0.3822222,9.47e-05
Hf-Pd-Ti,-0.5244444,9.47e-05
Hf-Pd-V,-0.3022222,9.47e-05
Hf-Pd-W,-0.2133333,9.47e-05
Hf-Pd-Zn,-0.5466667,9.47e-05
Hf-Pd-Zr,-0.5333333,9.47e-05
Hf-Pt-Re,-0.6177778,9.47e-05
Hf-Pt-Rh,-0.8133333,9.47e-05
Hf-Pt-Ta,-0.6488889,9.47e-05
Hf-Pt-Ti,-0.8,9.47e-05
Hf-Pt-V,-0.5644444,9.47e-05
Hf-Pt-W,-0.4533333,9.47e-05
Hf-Pt-Zn,-0.6888889,9.47e-05
Hf-Pt-Zr,-0.8044444,9.47e-05
Hf-Re-Rh,-0.6133333,9.47e-05
Hf-Re-Ta,-0.3066667,9.47e-05
Hf-Re-Ti,-0.4,9.47e-05
Hf-Re-V,-0.3022222,9.47e-05
Hf-Re-W,-0.1688889,9.47e-05
Hf-Re-Zn,-0.24,9.47e-05
Hf-Re-Zr,-0.2844444,9.47e-05
Hf-Rh-Ta,-0.6088889,9.47e-05
Hf-Rh-Ti,-0.72,9.47e-05
Hf-Rh-V,-0.5244444,9.47e-05
Hf-Rh-W,-0.44,9.47e-05
Hf-Rh-Zn,-0.6266667,9.47e-05
Hf-Rh-Zr,-0.7022222,9.47e-05
Hf-Ta-Ti,-0.0222222,9.47e-05
Hf-Ta-V,0.0488889,9.47e-05
Hf-Ta-W,-0.0311111,9.47e-05
Hf-Ta-Zn,-0.0666667,9.47e-05
Hf-Ta-Zr,0.0044444,9.47e-05
Hf-Ti-V,0.0088889,9.47e-05
Hf-Ti-W,-0.0488889,9.47e-05
Hf-Ti-Zn,-0.1822222,9.47e-05
Hf-Ti-Zr,-0.0444444,9.47e-05
Hf-V-W,0.0088889,9.47e-05
Hf-V-Zn,-0.0444444,9.47e-05
Hf-V-Zr,0.0755556,9.47e-05
Hf-W-Zn,0.0222222,9.47e-05
Hf-W-Zr,0.0311111,9.47e-05
Hf-Zn-Zr,-0.1866667,9.47e-05
Ir-Mg-Mn,-0.2133333,9.47e-05
Ir-Mg-Mo,-0.24,9.47e-05
Ir-Mg-Nb,-0.3644444,9.47e-05
Ir-Mg-Ni,-0.3155556,9.47e-05
Ir-Mg-Os,-0.4977778,9.47e-05
Ir-Mg-Pd,-0.4711111,9.47e-05
Ir-Mg-Pt,-0.5288889,9.47e-05
Ir-Mg-Re,-0.36,9.47e-05
Ir-Mg-Rh,-0.5022222,9.47e-05
Ir-Mg-Ta,-0.3688889,9.47e-05
Ir-Mg-Ti,-0.5555556,9.47e-05
Ir-Mg-V,-0.3155556,9.47e-05
Ir-Mg-W,-0.1733333,9.47e-05
Ir-Mg-Zn,-0.3866667,9.47e-05
Ir-Mg-Zr,-0.5466667,9.47e-05
Ir-Mn-Mo,-0.2711111,9.47e-05
Ir-Mn-Nb,-0.4,9.47e-05
Ir-Mn-Ni,-0.24,9.47e-05
Ir-Mn-Os,-0.4933333,9.47e-05
Ir-Mn-Pd,-0.2266667,9.47e-05
Ir-Mn-Pt,-0.2933333,9.47e-05
Ir-Mn-Re,-0.3955556,9.47e-05
Ir-Mn-Rh,-0.3333333,9.47e-05
Ir-Mn-Ta,-0.4622222,9.47e-05
Ir-Mn-Ti,-0.6222222,9.47e-05
Ir-Mn-V,-0.4933333,9.47e-05
Ir-Mn-W,-0.2577778,9.47e-05
Ir-Mn-Zn,-0.2977778,9.47e-05
Ir-Mn-Zr,-0.4666667,9.47e-05
Ir-Mo-Nb,-0.4755556,9.47e-05
Ir-Mo-Ni,-0.2488889,9.47e-05
Ir-Mo-Os,-0.48,9.47e-05
Ir-Mo-Pd,-0.1866667,9.47e-05
Ir-Mo-Pt,-0.2977778,9.47e-05
Ir-Mo-Re,-0.4,9.47e-05
Ir-Mo-Rh,-0.3866667,9.47e-05
Ir-Mo-Ta,-0.5377778,9.47e-05
Ir-Mo-Ti,-0.64,9.47e-05
Ir-Mo-V,-0.48,9.47e-05
Ir-Mo-W,-0.32,9.47e-05
Ir-Mo-Zn,-0.2933333,9.47e-05
Ir-Mo-Zr,-0.5288889,9.47e-05
Ir-Nb-Ni,-0.4266667,9.47e-05
Ir-Nb-Os,-0.6933333,9.47e-05
Ir-Nb-Pd,-0.4177778,9.47e-05
Ir-Nb-Pt,-0.5511111,9.47e-05
Ir-Nb-Re,-0.6088889,9.47e-05
Ir-Nb-Rh,-0.6133333,9.47e-05
Ir-Nb-Ta,-0.5955556,9.47e-05
Ir-Nb-Ti,-0.6977778,9.47e-05
Ir-Nb-V,-0.52,9.47e-05
Ir-Nb-W,-0.4533333,9.47e-05
Ir-Nb-Zn,-0.4533333,9.47e-05
Ir-Nb-Zr,-0.64,9.47e-05
Ir-Ni-Os,-0.4488889,9.47e-05
Ir-Ni-Pd,-0.1288889,9.47e-05
Ir-Ni-Pt,-0.1688889,9.47e-05
Ir-Ni-Re,-0.36,9.47e-05
Ir-Ni-Rh,-0.2622222,9.47e-05
Ir-Ni-Ta,-0.4844444,9.47e-05
Ir-Ni-Ti,-0.6711111,9.47e-05
Ir-Ni-V,-0.4444444,9.47e-05
Ir-Ni-W,-0.2266667,9.47e-05
Ir-Ni-Zn,-0.36,9.47e-05
Ir-Ni-Zr,-0.5866667,9.47e-05
Ir-Os-Pd,-0.3244444,9.47e-05
Ir-Os-Pt,-0.3644444,9.47e-05
Ir-Os-Re,-0.5955556,9.47e-05
Ir-Os-Rh,-0.4355556,9.47e-05
Ir-Os-Ta,-0.7688889,9.47e-05
Ir-Os-Ti,-0.96,9.47e-05
Ir-Os-V,-0.7555556,9.47e-05
Ir-Os-W,-0.4622222,9.47e-05
Ir-Os-Zn,-0.4977778,9.47e-05
Ir-Os-Zr,-0.8177778,9.47e-05
Ir-Pd-Pt,-0.0977778,9.47e-05
Ir-Pd-Re,-0.24,9.47e-05
Ir-Pd-Rh,-0.1733333,9.47e-05
Ir-Pd-Ta,-0.4711111,9.47e-05
Ir-Pd-Ti,-0.6844444,9.47e-05
Ir-Pd-V,-0.3777778,9.47e-05
Ir-Pd-W,-0.1511111,9.47e-05
Ir-Pd-Zn,-0.4044444,9.47e-05
Ir-Pd-Zr,-0.6577778,9.47e-05
Ir-Pt-Re,-0.3111111,9.47e-05
Ir-Pt-Rh,-0.2133333,9.47e-05
Ir-Pt-Ta,-0.6044444,9.47e-05
Ir-Pt-Ti,-0.8266667,9.47e-05
Ir-Pt-V,-0.5066667,9.47e-05
Ir-Pt-W,-0.2577778,9.47e-05
Ir-Pt-Zn,-0.4133333,9.47e-05
Ir-Pt-Zr,-0.7955556,9.47e-05
Ir-Re-Rh,-0.4266667,9.47e-05
Ir-Re-Ta,-0.6755556,9.47e-05
Ir-Re-Ti,-0.84,9.47e-05
Ir-Re-V,-0.6577778,9.47e-05
Ir-Re-W,-0.3866667,9.47e-05
Ir-Re-Zn,-0.3777778,9.47e-05
Ir-Re-Zr,-0.6888889,9.47e-05
Ir-Rh-Ta,-0.6844444,9.47e-05
Ir-Rh-Ti,-0.8666667,9.47e-05
Ir-Rh-V,-0.5866667,9.47e-05
Ir-Rh-W,-0.3644444,9.47e-05
Ir-Rh-Zn,-0.4711111,9.47e-05
Ir-Rh-Zr,-0.8133333,9.47e-05
Ir-Ta-Ti,-0.7244444,9.47e-05
Ir-Ta-V,-0.5688889,9.47e-05
Ir-Ta-W,-0.5111111,9.47e-05
Ir-Ta-Zn,-0.4666667,9.47e-05
Ir-Ta-Zr,-0.6622222,9.47e-05
Ir-Ti-V,-0.68,9.47e-05
Ir-Ti-W,-0.6,9.47e-05
Ir-Ti-Zn,-0.6533333,9.47e-05
Ir-Ti-Zr,-0.7822222,9.47e-05
Ir-V-W,-0.4577778,9.47e-05
Ir-V-Zn,-0.4311111,9.47e-05
Ir-V-Zr,-0.5777778,9.47e-05
Ir-W-Zn,-0.2266667,9.47e-05
Ir-W-Zr,-0.4844444,9.47e-05
Ir-Zn-Zr,-0.6222222,9.47e-05
Mg-Mn-Mo,0.2533333,9.47e-05
Mg-Mn-Nb,0.2222222,9.47e-05
Mg-Mn-Ni,0.0755556,9.47e-05
Mg-Mn-Os,-0.1288889,9.47e-05
Mg-Mn-Pd,-0.1822222,9.47e-05
Mg-Mn-Pt,-0.2977778,9.47e-05
Mg-Mn-Re,0.0888889,9.47e-05
Mg-Mn-Rh,-0.1511111,9.47e-05
Mg-Mn-Ta,0.2266667,9.47e-05
Mg-Mn-Ti,0.0666667,9.47e-05
Mg-Mn-V,0.16,9.47e-05
Mg-Mn-W,0.3155556,9.47e-05
Mg-Mn-Zn,0.0711111,9.47e-05
Mg-Mn-Zr,0.16,9.47e-05
Mg-Mo-Nb,0.1911111,9.47e-05
Mg-Mo-Ni,0.1111111,9.47e-05
Mg-Mo-Os,-0.0711111,9.47e-05
Mg-Mo-Pd,-0.0977778,9.47e-05
Mg-Mo-Pt,-0.2577778,9.47e-05
Mg-Mo-Re,0.1288889,9.47e-05
Mg-Mo-Rh,-0.16,9.47e-05
Mg-Mo-Ta,0.1955556,9.47e-05
Mg-Mo-Ti,0.0933333,9.47e-05
Mg-Mo-V,0.2177778,9.47e-05
Mg-Mo-W,0.2977778,9.47e-05
Mg-Mo-Zn,0.12,9.47e-05
Mg-Mo-Zr,0.1422222,9.47e-05
Mg-Nb-Ni,0.0311111,9.47e-05
Mg-Nb-Os,-0.1866667,9.47e-05
Mg-Nb-Pd,-0.2311111,9.47e-05
Mg-Nb-Pt,-0.4133333,9.47e-05
Mg-Nb-Re,0.0177778,9.47e-05
Mg-Nb-Rh,-0.2888889,9.47e-05
Mg-Nb-Ta,0.2355556,9.47e-05
Mg-Nb-Ti,0.1333333,9.47e-05
Mg-Nb-V,0.2755556,9.47e-05
Mg-Nb-W,0.2622222,9.47e-05
Mg-Nb-Zn,0.0577778,9.47e-05
Mg-Nb-Zr,0.1288889,9.47e-05
Mg-Ni-Os,-0.2488889,9.47e-05
Mg-Ni-Pd,-0.2488889,9.47e-05
Mg-Ni-Pt,-0.3377778,9.47e-05
Mg-Ni-Re,-0.04,9.47e-05
Mg-Ni-Rh,-0.2444444,9.47e-05
Mg-Ni-Ta,0.04,9.47e-05
Mg-Ni-Ti,-0.1466667,9.47e-05
Mg-Ni-V,0.0444444,9.47e-05
Mg-Ni-W,0.1822222,9.47e-05
Mg-Ni-Zn,-0.1555556,9.47e-05
Mg-Ni-Zr,-0.1244444,9.47e-05
Mg-Os-Pd,-0.3955556,9.47e-05
Mg-Os-Pt,-0.4844444,9.47e-05
Mg-Os-Re,-0.2266667,9.47e-05
Mg-Os-Rh,-0.3688889,9.47e-05
Mg-Os-Ta,-0.1955556,9.47e-05
Mg-Os-Ti,-0.3866667,9.47e-05
Mg-Os-V,-0.2177778,9.47e-05
Mg-Os-W,-0.0044444,9.47e-05
Mg-Os-Zn,-0.2444444,9.47e-05
Mg-Os-Zr,-0.3066667,9.47e-05
Mg-Pd-Pt,-0.5377778,9.47e-05
Mg-Pd-Re,-0.1911111,9.47e-05
Mg-Pd-Rh,-0.4266667,9.47e-05
Mg-Pd-Ta,-0.2177778,9.47e-05
Mg-Pd-Ti,-0.4311111,9.47e-05
Mg-Pd-V,-0.16,9.47e-05
Mg-Pd-W,-0.0133333,9.47e-05
Mg-Pd-Zn,-0.4711111,9.47e-05
Mg-Pd-Zr,-0.4666667,9.47e-05
Mg-Pt-Re,-0.3111111,9.47e-05
Mg-Pt-Rh,-0.5155556,9.47e-05
Mg-Pt-Ta,-0.4,9.47e-05
Mg-Pt-Ti,-0.6222222,9.47e-05
Mg-Pt-V,-0.3377778,9.47e-05
Mg-Pt-W,-0.1688889,9.47e-05
Mg-Pt-Zn,-0.5288889,9.47e-05
Mg-Pt-Zr,-0.6533333,9.47e-05
Mg-Re-Rh,-0.24,9.47e-05
Mg-Re-Ta,0.0177778,9.47e-05
Mg-Re-Ti,-0.1466667,9.47e-05
Mg-Re-V,0.0,9.47e-05
Mg-Re-W,0.1911111,9.47e-05
Mg-Re-Zn,-0.0044444,9.47e-05
Mg-Re-Zr,-0.0577778,9.47e-05
Mg-Rh-Ta,-0.2933333,9.47e-05
Mg-Rh-Ti,-0.4755556,9.47e-05
Mg-Rh-V,-0.2311111,9.47e-05
Mg-Rh-W,-0.0888889,9.47e-05
Mg-Rh-Zn,-0.4,9.47e-05
Mg-Rh-Zr,-0.4844444,9.47e-05
Mg-Ta-Ti,0.1733333,9.47e-05
Mg-Ta-V,0.2933333,9.47e-05
Mg-Ta-W,0.2711111,9.47e-05
Mg-Ta-Zn,0.1111111,9.47e-05
Mg-Ta-Zr,0.1733333,9.47e-05
Mg-Ti-V,0.1822222,9.47e-05
Mg-Ti-W,0.1822222,9.47e-05
Mg-Ti-Zn,-0.0755556,9.47e-05
Mg-Ti-Zr,0.0533333,9.47e-05
Mg-V-W,0.2888889,9.47e-05
Mg-V-Zn,0.1111111,9.47e-05
Mg-V-Zr,0.2222222,9.47e-05
Mg-W-Zn,0.2355556,9.47e-05
Mg-W-Zr,0.2355556,9.47e-05
Mg-Zn-Zr,-0.1066667,9.47e-05
Mn-Mo-Nb,0.0177778,9.47e-05
Mn-Mo-Ni,0.0488889,9.47e-05
Mn-Mo-Os,-0.2044444,9.47e-05
Mn-Mo-Pd,0.0088889,9.47e-05
Mn-Mo-Pt,-0.16,9.47e-05
Mn-Mo-Re,-0.0444444,9.47e-05
Mn-Mo-Rh,-0.1288889,9.47e-05
Mn-Mo-Ta,-0.0355556,9.47e-05
Mn-Mo-Ti,-0.1111111,9.47e-05
Mn-Mo-V,-0.0977778,9.47e-05
Mn-Mo-W,0.0755556,9.47e-05
Mn-Mo-Zn,0.0711111,9.47e-05
Mn-Mo-Zr,0.0844444,9.47e-05
Mn-Nb-Ni,-0.0355556,9.47e-05
Mn-Nb-Os,-0.3244444,9.47e-05
Mn-Nb-Pd,-0.1288889,9.47e-05
Mn-Nb-Pt,-0.32,9.47e-05
Mn-Nb-Re,-0.16,9.47e-05
Mn-Nb-Rh,-0.2622222,9.47e-05
Mn-Nb-Ta,0.0,9.47e-05
Mn-Nb-Ti,-0.0755556,9.47e-05
Mn-Nb-V,-0.0444444,9.47e-05
Mn-Nb-W,0.0355556,9.47e-05
Mn-Nb-Zn,0.0044444,9.47e-05
Mn-Nb-Zr,0.0666667,9.47e-05
Mn-Ni-Os,-0.2755556,9.47e-05
Mn-Ni-Pd,-0.0355556,9.47e-05
Mn-Ni-Pt,-0.1333333,9.47e-05
Mn-Ni-Re,-0.1066667,9.47e-05
Mn-Ni-Rh,-0.1066667,9.47e-05
Mn-Ni-Ta,-0.0844444,9.47e-05
Mn-Ni-Ti,-0.2444444,9.47e-05
Mn-Ni-V,-0.1644444,9.47e-05
Mn-Ni-W,0.0666667,9.47e-05
Mn-Ni-Zn,-0.0977778,9.47e-05
Mn-Ni-Zr,-0.0755556,9.47e-05
Mn-Os-Pd,-0.2533333,9.47e-05
Mn-Os-Pt,-0.3511111,9.47e-05
Mn-Os-Re,-0.3644444,9.47e-05
Mn-Os-Rh,-0.3022222,9.47e-05
Mn-Os-Ta,-0.3911111,9.47e-05
Mn-Os-Ti,-0.5555556,9.47e-05
Mn-Os-V,-0.4977778,9.47e-05
Mn-Os-W,-0.1911111,9.47e-05
Mn-Os-Zn,-0.2577778,9.47e-05
Mn-Os-Zr,-0.3288889,9.47e-05
Mn-Pd-Pt,-0.1644444,9.47e-05
Mn-Pd-Re,-0.0888889,9.47e-05
Mn-Pd-Rh,-0.12,9.47e-05
Mn-Pd-Ta,-0.1733333,9.47e-05
Mn-Pd-Ti,-0.36,9.47e-05
Mn-Pd-V,-0.2,9.47e-05
Mn-Pd-W,0.04,9.47e-05
Mn-Pd-Zn,-0.2444444,9.47e-05
Mn-Pd-Zr,-0.2488889,9.47e-05
Mn-Pt-Re,-0.2177778,9.47e-05
Mn-Pt-Rh,-0.2177778,9.47e-05
Mn-Pt-Ta,-0.3644444,9.47e-05
Mn-Pt-Ti,-0.56,9.47e-05
Mn-Pt-V,-0.3866667,9.47e-05
Mn-Pt-W,-0.1244444,9.47e-05
Mn-Pt-Zn,-0.3111111,9.47e-05
Mn-Pt-Zr,-0.4444444,9.47e-05
Mn-Re-Rh,-0.2133333,9.47e-05
Mn-Re-Ta,-0.2177778,9.47e-05
Mn-Re-Ti,-0.3555556,9.47e-05
Mn-Re-V,-0.32,9.47e-05
Mn-Re-W,-0.0355556,9.47e-05
Mn-Re-Zn,-0.0577778,9.47e-05
Mn-Re-Zr,-0.12,9.47e-05
Mn-Rh-Ta,-0.3244444,9.47e-05
Mn-Rh-Ti,-0.48,9.47e-05
Mn-Rh-V,-0.3466667,9.47e-05
Mn-Rh-W,-0.1111111,9.47e-05
Mn-Rh-Zn,-0.2488889,9.47e-05
Mn-Rh-Zr,-0.3422222,9.47e-05
Mn-Ta-Ti,-0.0933333,9.47e-05
Mn-Ta-V,-0.0844444,9.47e-05
Mn-Ta-W,-0.0133333,9.47e-05
Mn-Ta-Zn,0.0,9.47e-05
Mn-Ta-Zr,0.0533333,9.47e-05
Mn-Ti-V,-0.1688889,9.47e-05
Mn-Ti-W,-0.0755556,9.47e-05
Mn-Ti-Zn,-0.16,9.47e-05
Mn-Ti-Zr,-0.04,9.47e-05
Mn-V-W,-0.08,9.47e-05
Mn-V-Zn,-0.0844444,9.47e-05
Mn-V-Zr,0.0177778,9.47e-05
Mn-W-Zn,0.1333333,9.47e-05
Mn-W-Zr,0.1244444,9.47e-05
Mn-Zn-Zr,-0.0444444,9.47e-05
Mo-Nb-Ni,-0.0488889,9.47e-05
Mo-Nb-Os,-0.3155556,9.47e-05
Mo-Nb-Pd,-0.0933333,9.47e-05
Mo-Nb-Pt,-0.3288889,9.47e-05
Mo-Nb-Re,-0.1688889,9.47e-05
Mo-Nb-Rh,-0.32,9.47e-05
Mo-Nb-Ta,-0.08,9.47e-05
Mo-Nb-Ti,-0.0977778,9.47e-05
Mo-Nb-V,-0.0355556,9.47e-05
Mo-Nb-W,-0.0311111,9.47e-05
Mo-Nb-Zn,0.0044444,9.47e-05
Mo-Nb-Zr,0.0,9.47e-05
Mo-Ni-Os,-0.2,9.47e-05
Mo-Ni-Pd,0.0666667,9.47e-05
Mo-Ni-Pt,-0.0755556,9.47e-05
Mo-Ni-Re,-0.0488889,9.47e-05
Mo-Ni-Rh,-0.0977778,9.47e-05
Mo-Ni-Ta,-0.0977778,9.47e-05
Mo-Ni-Ti,-0.2,9.47e-05
Mo-Ni-V,-0.0888889,9.47e-05
Mo-Ni-W,0.0666667,9.47e-05
Mo-Ni-Zn,-0.0311111,9.47e-05
Mo-Ni-Zr,-0.0755556,9.47e-05
Mo-Os-Pd,-0.1288889,9.47e-05
Mo-Os-Pt,-0.2711111,9.47e-05
Mo-Os-Re,-0.2844444,9.47e-05
Mo-Os-Rh,-0.2711111,9.47e-05
Mo-Os-Ta,-0.3822222,9.47e-05
Mo-Os-Ti,-0.4888889,9.47e-05
Mo-Os-V,-0.4,9.47e-05
Mo-Os-W,-0.1688889,9.47e-05
Mo-Os-Zn,-0.1688889,9.47e-05
Mo-Os-Zr,-0.3066667,9.47e-05
Mo-Pd-Pt,-0.0577778,9.47e-05
Mo-Pd-Re,0.0177778,9.47e-05
Mo-Pd-Rh,-0.0622222,9.47e-05
Mo-Pd-Ta,-0.1377778,9.47e-05
Mo-Pd-Ti,-0.2666667,9.47e-05
Mo-Pd-V,-0.0755556,9.47e-05
Mo-Pd-W,0.0888889,9.47e-05
Mo-Pd-Zn,-0.1288889,9.47e-05
Mo-Pd-Zr,-0.2,9.47e-05
Mo-Pt-Re,-0.1555556,9.47e-05
Mo-Pt-Rh,-0.2044444,9.47e-05
Mo-Pt-Ta,-0.3733333,9.47e-05
Mo-Pt-Ti,-0.5111111,9.47e-05
Mo-Pt-V,-0.3066667,9.47e-05
Mo-Pt-W,-0.12,9.47e-05
Mo-Pt-Zn,-0.24,9.47e-05
Mo-Pt-Zr,-0.44,9.47e-05
Mo-Re-Rh,-0.2,9.47e-05
Mo-Re-Ta,-0.2266667,9.47e-05
Mo-Re-Ti,-0.3066667,9.47e-05
Mo-Re-V,-0.24,9.47e-05
Mo-Re-W,-0.0311111,9.47e-05
Mo-Re-Zn,0.0133333,9.47e-05
Mo-Re-Zr,-0.1155556,9.47e-05
Mo-Rh-Ta,-0.3822222,9.47e-05
Mo-Rh-Ti,-0.48,9.47e-05
Mo-Rh-V,-0.3155556,9.47e-05
Mo-Rh-W,-0.1555556,9.47e-05
Mo-Rh-Zn,-0.2266667,9.47e-05
Mo-Rh-Zr,-0.3866667,9.47e-05
Mo-Ta-Ti,-0.1155556,9.47e-05
Mo-Ta-V,-0.0755556,9.47e-05
Mo-Ta-W,-0.08,9.47e-05
Mo-Ta-Zn,0.0,9.47e-05
Mo-Ta-Zr,-0.0133333,9.47e-05
Mo-Ti-V,-0.1022222,9.47e-05
Mo-Ti-W,-0.0844444,9.47e-05
Mo-Ti-Zn,-0.1022222,9.47e-05
Mo-Ti-Zr,-0.0488889,9.47e-05
Mo-V-W,-0.0577778,9.47e-05
Mo-V-Zn,0.0044444,9.47e-05
Mo-V-Zr,0.04,9.47e-05
Mo-W-Zn,0.1466667,9.47e-05
Mo-W-Zr,0.0711111,9.47e-05
Mo-Zn-Zr,-0.0311111,9.47e-05
Nb-Ni-Os,-0.3688889,9.47e-05
Nb-Ni-Pd,-0.12,9.47e-05
Nb-Ni-Pt,-0.2844444,9.47e-05
Nb-Ni-Re,-0.2133333,9.47e-05
Nb-Ni-Rh,-0.28,9.47e-05
Nb-Ni-Ta,-0.1111111,9.47e-05
Nb-Ni-Ti,-0.2133333,9.47e-05
Nb-Ni-V,-0.0844444,9.47e-05
Nb-Ni-W,-0.0222222,9.47e-05
Nb-Ni-Zn,-0.1466667,9.47e-05
Nb-Ni-Zr,-0.1422222,9.47e-05
Nb-Os-Pd,-0.3511111,9.47e-05
Nb-Os-Pt,-0.5155556,9.47e-05
Nb-Os-Re,-0.4844444,9.47e-05
Nb-Os-Rh,-0.4888889,9.47e-05
Nb-Os-Ta,-0.4311111,9.47e-05
Nb-Os-Ti,-0.5377778,9.47e-05
Nb-Os-V,-0.4311111,9.47e-05
Nb-Os-W,-0.2933333,9.47e-05
Nb-Os-Zn,-0.32,9.47e-05
Nb-Os-Zr,-0.4088889,9.47e-05
Nb-Pd-Pt,-0.32,9.47e-05
Nb-Pd-Re,-0.2,9.47e-05
Nb-Pd-Rh,-0.2977778,9.47e-05
Nb-Pd-Ta,-0.2044444,9.47e-05
Nb-Pd-Ti,-0.3333333,9.47e-05
Nb-Pd-V,-0.1244444,9.47e-05
Nb-Pd-W,-0.0533333,9.47e-05
Nb-Pd-Zn,-0.2977778,9.47e-05
Nb-Pd-Zr,-0.32,9.47e-05
Nb-Pt-Re,-0.3955556,9.47e-05
Nb-Pt-Rh,-0.4622222,9.47e-05
Nb-Pt-Ta,-0.4622222,9.47e-05
Nb-Pt-Ti,-0.6,9.47e-05
Nb-Pt-V,-0.3777778,9.47e-05
Nb-Pt-W,-0.2844444,9.47e-05
Nb-Pt-Zn,-0.4311111,9.47e-05
Nb-Pt-Zr,-0.5822222,9.47e-05
Nb-Re-Rh,-0.4133333,9.47e-05
Nb-Re-Ta,-0.2711111,9.47e-05
Nb-Re-Ti,-0.3511111,9.47e-05
Nb-Re-V,-0.2666667,9.47e-05
Nb-Re-W,-0.1511111,9.47e-05
Nb-Re-Zn,-0.1333333,9.47e-05
Nb-Re-Zr,-0.2133333,9.47e-05
Nb-Rh-Ta,-0.4444444,9.47e-05
Nb-Rh-Ti,-0.5422222,9.47e-05
Nb-Rh-V,-0.36,9.47e-05
Nb-Rh-W,-0.2933333,9.47e-05
Nb-Rh-Zn,-0.3911111,9.47e-05
Nb-Rh-Zr,-0.5022222,9.47e-05
Nb-Ta-Ti,-0.0088889,9.47e-05
Nb-Ta-V,0.0488889,9.47e-05
Nb-Ta-W,-0.0488889,9.47e-05
Nb-Ta-Zn,0.0044444,9.47e-05
Nb-Ta-Zr,0.04,9.47e-05
Nb-Ti-V,0.0222222,9.47e-05
Nb-Ti-W,-0.0533333,9.47e-05
Nb-Ti-Zn,-0.0977778,9.47e-05
Nb-Ti-Zr,0.0044444,9.47e-05
Nb-V-W,-0.0088889,9.47e-05
Nb-V-Zn,0.0266667,9.47e-05
Nb-V-Zr,0.1111111,9.47e-05
Nb-W-Zn,0.0755556,9.47e-05
Nb-W-Zr,0.0488889,9.47e-05
Nb-Zn-Zr,-0.08,9.47e-05
Ni-Os-Pd,-0.1733333,9.47e-05
Ni-Os-Pt,-0.2444444,9.47e-05
Ni-Os-Re,-0.3466667,9.47e-05
Ni-Os-Rh,-0.2488889,9.47e-05
Ni-Os-Ta,-0.4311111,9.47e-05
Ni-Os-Ti,-0.6222222,9.47e-05
Ni-Os-V,-0.4666667,9.47e-05
Ni-Os-W,-0.1777778,9.47e-05
Ni-Os-Zn,-0.3377778,9.47e-05
Ni-Os-Zr,-0.4666667,9.47e-05
Ni-Pd-Pt,-0.0044444,9.47e-05
Ni-Pd-Re,-0.0177778,9.47e-05
Ni-Pd-Rh,-0.0133333,9.47e-05
Ni-Pd-Ta,-0.16,9.47e-05
Ni-Pd-Ti,-0.3733333,9.47e-05
Ni-Pd-V,-0.1155556,9.47e-05
Ni-Pd-W,0.1066667,9.47e-05
Ni-Pd-Zn,-0.2711111,9.47e-05
Ni-Pd-Zr,-0.3333333,9.47e-05
Ni-Pt-Re,-0.12,9.47e-05
Ni-Pt-Rh,-0.0844444,9.47e-05
Ni-Pt-Ta,-0.3244444,9.47e-05
Ni-Pt-Ti,-0.5466667,9.47e-05
Ni-Pt-V,-0.2755556,9.47e-05
Ni-Pt-W,-0.0311111,9.47e-05
Ni-Pt-Zn,-0.3111111,9.47e-05
Ni-Pt-Zr,-0.5022222,9.47e-05
Ni-Re-Rh,-0.1688889,9.47e-05
Ni-Re-Ta,-0.2666667,9.47e-05
Ni-Re-Ti,-0.4311111,9.47e-05
Ni-Re-V,-0.2977778,9.47e-05
Ni-Re-W,-0.0311111,9.47e-05
Ni-Re-Zn,-0.1466667,9.47e-05
Ni-Re-Zr,-0.2666667,9.47e-05
Ni-Rh-Ta,-0.3377778,9.47e-05
Ni-Rh-Ti,-0.52,9.47e-05
Ni-Rh-V,-0.2888889,9.47e-05
Ni-Rh-W,-0.0711111,9.47e-05
Ni-Rh-Zn,-0.3022222,9.47e-05
Ni-Rh-Zr,-0.4533333,9.47e-05
Ni-Ta-Ti,-0.2266667,9.47e-05
Ni-Ta-V,-0.12,9.47e-05
Ni-Ta-W,-0.0666667,9.47e-05
Ni-Ta-Zn,-0.1466667,9.47e-05
Ni-Ta-Zr,-0.1511111,9.47e-05
Ni-Ti-V,-0.2311111,9.47e-05
Ni-Ti-W,-0.1555556,9.47e-05
Ni-Ti-Zn,-0.3333333,9.47e-05
Ni-Ti-Zr,-0.2711111,9.47e-05
Ni-V-W,-0.0622222,9.47e-05
Ni-V-Zn,-0.16,9.47e-05
Ni-V-Zr,-0.1155556,9.47e-05
Ni-W-Zn,0.04,9.47e-05
Ni-W-Zr,-0.0266667,9.47e-05
Ni-Zn-Zr,-0.2888889,9.47e-05
Os-Pd-Pt,-0.1644444,9.47e-05
Os-Pd-Re,-0.2177778,9.47e-05
Os-Pd-Rh,-0.1511111,9.47e-05
Os-Pd-Ta,-0.4088889,9.47e-05
Os-Pd-Ti,-0.6266667,9.47e-05
Os-Pd-V,-0.3911111,9.47e-05
Os-Pd-W,-0.0933333,9.47e-05
Os-Pd-Zn,-0.3733333,9.47e-05
Os-Pd-Zr,-0.5288889,9.47e-05
Os-Pt-Re,-0.32,9.47e-05
Os-Pt-Rh,-0.2222222,9.47e-05
Os-Pt-Ta,-0.5733333,9.47e-05
Os-Pt-Ti,-0.8,9.47e-05
Os-Pt-V,-0.5511111,9.47e-05
Os-Pt-W,-0.2311111,9.47e-05
Os-Pt-Zn,-0.4133333,9.47e-05
Os-Pt-Zr,-0.6977778,9.47e-05
Os-Re-Rh,-0.3466667,9.47e-05
Os-Re-Ta,-0.5555556,9.47e-05
Os-Re-Ti,-0.7244444,9.47e-05
Os-Re-V,-0.6133333,9.47e-05
Os-Re-W,-0.2711111,9.47e-05
Os-Re-Zn,-0.2888889,9.47e-05
Os-Re-Zr,-0.5022222,9.47e-05
Os-Rh-Ta,-0.5644444,9.47e-05
Os-Rh-Ti,-0.7511111,9.47e-05
Os-Rh-V,-0.5422222,9.47e-05
Os-Rh-W,-0.2488889,9.47e-05
Os-Rh-Zn,-0.3822222,9.47e-05
Os-Rh-Zr,-0.6266667,9.47e-05
Os-Ta-Ti,-0.5688889,9.47e-05
Os-Ta-V,-0.4844444,9.47e-05
Os-Ta-W,-0.3555556,9.47e-05
Os-Ta-Zn,-0.3377778,9.47e-05
Os-Ta-Zr,-0.4355556,9.47e-05
Os-Ti-V,-0.6,9.47e-05
Os-Ti-W,-0.4488889,9.47e-05
Os-Ti-Zn,-0.5288889,9.47e-05
Os-Ti-Zr,-0.56,9.47e-05
Os-V-W,-0.3777778,9.47e-05
Os-V-Zn,-0.3777778,9.47e-05
Os-V-Zr,-0.4266667,9.47e-05
Os-W-Zn,-0.1022222,9.47e-05
Os-W-Zr,-0.2622222,9.47e-05
Os-Zn-Zr,-0.4266667,9.47e-05
Pd-Pt-Re,-0.0444444,9.47e-05
Pd-Pt-Rh,-0.04,9.47e-05
Pd-Pt-Ta,-0.3555556,9.47e-05
Pd-Pt-Ti,-0.6044444,9.47e-05
Pd-Pt-V,-0.2533333,9.47e-05
Pd-Pt-W,-0.0,9.47e-05
Pd-Pt-Zn,-0.4,9.47e-05
Pd-Pt-Zr,-0.6177778,9.47e-05
Pd-Re-Rh,-0.0755556,9.47e-05
Pd-Re-Ta,-0.2488889,9.47e-05
Pd-Re-Ti,-0.44,9.47e-05
Pd-Re-V,-0.2266667,9.47e-05
Pd-Re-W,0.0488889,9.47e-05
Pd-Re-Zn,-0.1866667,9.47e-05
Pd-Re-Zr,-0.3333333,9.47e-05
Pd-Rh-Ta,-0.3511111,9.47e-05
Pd-Rh-Ti,-0.56,9.47e-05
Pd-Rh-V,-0.2488889,9.47e-05
Pd-Rh-W,-0.0222222,9.47e-05
Pd-Rh-Zn,-0.3733333,9.47e-05
Pd-Rh-Zr,-0.5511111,9.47e-05
Pd-Ta-Ti,-0.3422222,9.47e-05
Pd-Ta-V,-0.1555556,9.47e-05
Pd-Ta-W,-0.0933333,9.47e-05
Pd-Ta-Zn,-0.2933333,9.47e-05
Pd-Ta-Zr,-0.3244444,9.47e-05
Pd-Ti-V,-0.2933333,9.47e-05
Pd-Ti-W,-0.2088889,9.47e-05
Pd-Ti-Zn,-0.5066667,9.47e-05
Pd-Ti-Zr,-0.4711111,9.47e-05
Pd-V-W,-0.0355556,9.47e-05
Pd-V-Zn,-0.2533333,9.47e-05
Pd-V-Zr,-0.2355556,9.47e-05
Pd-W-Zn,-0.0444444,9.47e-05
Pd-W-Zr,-0.1377778,9.47e-05
Pd-Zn-Zr,-0.52,9.47e-05
Pt-Re-Rh,-0.1777778,9.47e-05
Pt-Re-Ta,-0.4444444,9.47e-05
Pt-Re-Ti,-0.6444444,9.47e-05
Pt-Re-V,-0.4177778,9.47e-05
Pt-Re-W,-0.12,9.47e-05
Pt-Re-Zn,-0.2577778,9.47e-05
Pt-Re-Zr,-0.5333333,9.47e-05
Pt-Rh-Ta,-0.5155556,9.47e-05
Pt-Rh-Ti,-0.7333333,9.47e-05
Pt-Rh-V,-0.4088889,9.47e-05
Pt-Rh-W,-0.16,9.47e-05
Pt-Rh-Zn,-0.4133333,9.47e-05
Pt-Rh-Zr,-0.72,9.47e-05
Pt-Ta-Ti,-0.6088889,9.47e-05
Pt-Ta-V,-0.4088889,9.47e-05
Pt-Ta-W,-0.3244444,9.47e-05
Pt-Ta-Zn,-0.4266667,9.47e-05
Pt-Ta-Zr,-0.5866667,9.47e-05
Pt-Ti-V,-0.5555556,9.47e-05
Pt-Ti-W,-0.4488889,9.47e-05
Pt-Ti-Zn,-0.6488889,9.47e-05
Pt-Ti-Zr,-0.7422222,9.47e-05
Pt-V-W,-0.2622222,9.47e-05
Pt-V-Zn,-0.3822222,9.47e-05
Pt-V-Zr,-0.4933333,9.47e-05
Pt-W-Zn,-0.1511111,9.47e-05
Pt-W-Zr,-0.3733333,9.47e-05
Pt-Zn-Zr,-0.6577778,9.47e-05
Re-Rh-Ta,-0.48,9.47e-05
Re-Rh-Ti,-0.64,9.47e-05
Re-Rh-V,-0.4533333,9.47e-05
Re-Rh-W,-0.1822222,9.47e-05
Re-Rh-Zn,-0.2711111,9.47e-05
Re-Rh-Zr,-0.5066667,9.47e-05
Re-Ta-Ti,-0.3733333,9.47e-05
Re-Ta-V,-0.3111111,9.47e-05
Re-Ta-W,-0.2044444,9.47e-05
Re-Ta-Zn,-0.1422222,9.47e-05
Re-Ta-Zr,-0.2311111,9.47e-05
Re-Ti-V,-0.4,9.47e-05
Re-Ti-W,-0.2711111,9.47e-05
Re-Ti-Zn,-0.3066667,9.47e-05
Re-Ti-Zr,-0.3288889,9.47e-05
Re-V-W,-0.2222222,9.47e-05
Re-V-Zn,-0.1777778,9.47e-05
Re-V-Zr,-0.2177778,9.47e-05
Re-W-Zn,0.0755556,9.47e-05
Re-W-Zr,-0.0755556,9.47e-05
Re-Zn-Zr,-0.1955556,9.47e-05
Rh-Ta-Ti,-0.5688889,9.47e-05
Rh-Ta-V,-0.4088889,9.47e-05
Rh-Ta-W,-0.3511111,9.47e-05
Rh-Ta-Zn,-0.4044444,9.47e-05
Rh-Ta-Zr,-0.5244444,9.47e-05
Rh-Ti-V,-0.5155556,9.47e-05
Rh-Ti-W,-0.4355556,9.47e-05
Rh-Ti-Zn,-0.5866667,9.47e-05
Rh-Ti-Zr,-0.64,9.47e-05
Rh-V-W,-0.2888889,9.47e-05
Rh-V-Zn,-0.36,9.47e-05
Rh-V-Zr,-0.4311111,9.47e-05
Rh-W-Zn,-0.1555556,9.47e-05
Rh-W-Zr,-0.3377778,9.47e-05
Rh-Zn-Zr,-0.5733333,9.47e-05
Ta-Ti-V,0.0177778,9.47e-05
Ta-Ti-W,-0.0666667,9.47e-05
Ta-Ti-Zn,-0.0666667,9.47e-05
Ta-Ti-Zr,0.0266667,9.47e-05
Ta-V-W,-0.0444444,9.47e-05
Ta-V-Zn,0.0355556,9.47e-05
Ta-V-Zr,0.1111111,9.47e-05
Ta-W-Zn,0.0755556,9.47e-05
Ta-W-Zr,0.04,9.47e-05
Ta-Zn-Zr,-0.0444444,9.47e-05
Ti-V-W,-0.0577778,9.47e-05
Ti-V-Zn,-0.0755556,9.47e-05
Ti-V-Zr,0.0666667,9.47e-05
Ti-W-Zn,-0.0133333,9.47e-05
Ti-W-Zr,0.0177778,9.47e-05
Ti-Zn-Zr,-0.1644444,9.47e-05
V-W-Zn,0.0755556,9.47e-05
V-W-Zr,0.0888889,9.47e-05
V-Zn-Zr,-0.0133333,9.47e-05
W-Zn-Zr,0.0622222,9.47e-05
